Company Names,Cars Names,Engines,CC/Battery Capacity,HorsePower,Total Speed,Performance(0 - 100 )KM/H,Cars Prices,Fuel Types,Seats,Torque,Engine Size Clean,Engine Size Category,Horsepower (HP) Clean,Power Category,Price (in USD),Seats Clean,Efficiency Category,Price per HP,Price per Seat,Price per Engine Size,Price per Efficiency,Brand Type,Price per Brand Type HP,Price per Brand Type Engine Size
FERRARI,SF90 STRADALE,V8,3990 cc,963 hp,340 km/h,2.5 sec,"$1,100,000 ",plug in hyrbrid,2,800 Nm,3990.0,Extra Large,963,Very High Power,1100000.0,2,Alta,1142.2637590861889,550000.0,275.6892230576441,366666.6666666667,Luxury,380.754586362063,91.89640768588137
Ford,KA+,1.2L Petrol,"1,200 cc",70-85 hp,165 km/h,10.5 sec,"$12,000-$15,000",Petrol,5,100 - 140 Nm,1200.0,Medium,77,Low Power,12000.0,5,Media,155.84415584415584,2400.0,10.0,6000.0,Mainstream,155.84415584415584,10.0
AUDI,AUDI R8 Gt,V10,"5,204 cc",602 hp,320 km/h,3.6 sec,"$253,290 ",Petrol,2,560 Nm,5204.0,Extra Large,602,Very High Power,253290.0,2,Media,420.74750830564784,126645.0,48.67217524980784,126645.0,Premium,210.37375415282392,24.33608762490392
BMW,Mclaren 720s,V8,"3,994 cc",710 hp,341 km/h,2.9 sec,"$499,000 ",Petrol,2,770 Nm,3994.0,Extra Large,710,Very High Power,499000.0,2,Alta,702.8169014084507,249500.0,124.93740610916375,166333.33333333334,Premium,351.40845070422534,62.46870305458187
ASTON MARTIN,VANTAGE F1,V8,"3,982 cc",656 hp,314 km/h,3.6 sec,"$193,440 ",Petrol,2,685 Nm,3982.0,Extra Large,656,Very High Power,193440.0,2,Alta,294.8780487804878,96720.0,48.57860371672526,64480.0,Luxury,98.29268292682927,16.19286790557509
LAMBORGHINI,VENENO ROADSTER,V12,"6,498 cc",750 hp,356 km/h,2.9 sec,"$4,500,000 ",Petrol,2,690 Nm,6498.0,Extra Large,750,Very High Power,4500000.0,2,Media,6000.0,2250000.0,692.5207756232687,2250000.0,Luxury,2000.0,230.84025854108955
FERRARI,F8 TRIBUTO,V8,"3,900 cc",710 hp,340 km/h,2.9 sec,"$280,000 ",Petrol,2,770 Nm,3900.0,Extra Large,710,Very High Power,280000.0,2,Alta,394.36619718309856,140000.0,71.7948717948718,93333.33333333333,Luxury,131.45539906103286,23.931623931623932
FERRARI,812 GTS,V12,6496 cc,789 hp,340 km/h,2.9 sec,"$350,000 ",Petrol,2,718 Nm,6496.0,Extra Large,789,Very High Power,350000.0,2,Media,443.59949302915084,175000.0,53.87931034482759,175000.0,Luxury,147.8664976763836,17.95977011494253
FERRARI,PORTOFINO,V8,"3,900 cc",592 hp,320 km/h,3.2 sec,"$210,000 ",Petrol,2+2,760 Nm,3900.0,Extra Large,592,Very High Power,210000.0,2,Alta,354.72972972972974,105000.0,53.84615384615385,70000.0,Luxury,118.24324324324324,17.94871794871795
FERRARI,ROMA,V8,"3,900 cc",612 hp,320 km/h,3.4 sec,"$230,000 ",Petrol,2+2,760 Nm,3900.0,Extra Large,612,Very High Power,230000.0,2,Alta,375.8169934640523,115000.0,58.97435897435897,76666.66666666667,Luxury,125.2723311546841,19.65811965811966
FERRARI,MONZA SP2,V12,"6,496 cc",789 hp,340 km/h,2.9 sec,"$1,700,000 ",Petrol,2,719 Nm,6496.0,Extra Large,789,Very High Power,1700000.0,2,Media,2154.6261089987324,850000.0,261.69950738916253,850000.0,Luxury,718.2087029995776,87.23316912972085
FERRARI,F8 SPIDER,V8,"3,900 cc",710 hp,340 km/h,2.9 sec,"$280,000 ",Petrol,2,770 Nm,3900.0,Extra Large,710,Very High Power,280000.0,2,Alta,394.36619718309856,140000.0,71.7948717948718,93333.33333333333,Luxury,131.45539906103286,23.931623931623932
FERRARI,PORTOFINO M,V8,"3,900 cc",612 hp,320 km/h,3.2 sec,"$220,000 ",Petrol,2+2,760 Nm,3900.0,Extra Large,612,Very High Power,220000.0,2,Alta,359.47712418300654,110000.0,56.41025641025641,73333.33333333333,Luxury,119.82570806100217,18.803418803418804
FERRARI,ROMA SPIDER,V8,"3,900 cc",612 hp,320 km/h,3.4 sec,"$240,000 ",Petrol,2+2,760 Nm,3900.0,Extra Large,612,Very High Power,240000.0,2,Alta,392.15686274509807,120000.0,61.53846153846154,80000.0,Luxury,130.718954248366,20.512820512820515
TOYOTA,GR SUPRA,I4,"2,998 cc",382 hp,250 km/h,4.1 sec,"$53,900 ",Petrol,2,500 Nm,2998.0,Extra Large,382,Very High Power,53900.0,2,Media,141.09947643979058,26950.0,17.978652434956636,26950.0,Mainstream,141.09947643979058,17.978652434956636
TOYOTA,TOYOTA 86,BOXER-4,"1,998 cc",205 hp,226 km/h,6.4 sec,"$27,000 ",Petrol,2+2,205 Nm,1998.0,Large,205,High Power,27000.0,2,Media,131.70731707317074,13500.0,13.513513513513514,13500.0,Mainstream,131.70731707317074,13.513513513513514
TOYOTA,TOYOTA  GR86,BOXER-4,"2,387 cc",228 hp,226 km/h,5.6 sec,"$30,000 ",Petrol,4,250 Nm,2387.0,Large,228,High Power,30000.0,4,Media,131.57894736842104,7500.0,12.568077084206116,15000.0,Mainstream,131.57894736842104,12.568077084206116
TOYOTA,TOYOTA LAND CRUISER,V8,"5,663 cc",381 hp,220 km/h,6.7 sec,"$85,000 ",Diesel,7,500 Nm,5663.0,Extra Large,381,Very High Power,85000.0,7,Media,223.0971128608924,12142.857142857143,15.009712166696097,42500.0,Mainstream,223.0971128608924,15.009712166696097
TOYOTA,TOYOTA SEQUOIA,V8,"5,663 cc",381 hp,200 km/h,6.9 sec,"$50,000 ",Petrol,7,651 Nm,5663.0,Extra Large,381,Very High Power,50000.0,7,Media,131.23359580052494,7142.857142857143,8.829242450997704,25000.0,Mainstream,131.23359580052494,8.829242450997704
NISSAN,GT-R,V6,"3,799 cc",600 hp,315 km/h,2.9 sec,"$113,000 ",Petrol,4,637 Nm,3799.0,Extra Large,600,Very High Power,113000.0,4,Alta,188.33333333333334,28250.0,29.74466964990787,37666.666666666664,Mainstream,188.33333333333334,29.74466964990787
NISSAN,370Z,V6,"3,696 cc",332 hp,250 km/h,4.7 sec,"$30,000 ",Petrol,2,366 Nm,3696.0,Extra Large,332,Very High Power,30000.0,2,Media,90.36144578313252,15000.0,8.116883116883116,15000.0,Mainstream,90.36144578313252,8.116883116883116
NISSAN,Z PROTO,V6,"2,998 cc",400 hp,290 km/h,4.1 sec,"$40,000 ",Petrol,2,475 Nm,2998.0,Extra Large,400,Very High Power,40000.0,2,Media,100.0,20000.0,13.3422281521014,20000.0,Mainstream,100.0,13.3422281521014
NISSAN,ALTIMA,I4,"2,488 cc",188 hp,225 km/h,7.3 sec,"$25,000 ",Petrol,5,380 Nm,2488.0,Large,188,Medium Power,25000.0,5,Media,132.9787234042553,5000.0,10.04823151125402,12500.0,Mainstream,132.9787234042553,10.04823151125402
NISSAN,MAXIMA,V6,"3,498 cc",300 hp,240 km/h,5.8 sec,"$35,000 ",Petrol,5,354 Nm,3498.0,Extra Large,300,Very High Power,35000.0,5,Media,116.66666666666667,7000.0,10.005717552887365,17500.0,Mainstream,116.66666666666667,10.005717552887365
NISSAN,SENTRA,I4,"1,998 cc",149 hp,200 km/h,8.2 sec,"$20,000 ",Petrol,5,240 Nm,1998.0,Large,149,Medium Power,20000.0,5,Media,134.2281879194631,4000.0,10.01001001001001,10000.0,Mainstream,134.2281879194631,10.01001001001001
NISSAN,ROGUE,I4,"2,488 cc",201 hp,200 km/h,7.5 sec,"$28,000 ",Petrol,5,270 Nm,2488.0,Large,201,High Power,28000.0,5,Media,139.30348258706468,5600.0,11.254019292604502,14000.0,Mainstream,139.30348258706468,11.254019292604502
NISSAN,PATHFINDER,V6,"3,498 cc",284 hp,225 km/h,6.5 sec,"$35,000 ",Petrol,7,351 Nm,3498.0,Extra Large,284,High Power,35000.0,7,Media,123.2394366197183,5000.0,10.005717552887365,17500.0,Mainstream,123.2394366197183,10.005717552887365
NISSAN,FRONTIER,V6,"3,799 cc",310 hp,180 km/h,6.8 sec,"$30,000 ",Petrol,5,381 Nm,3799.0,Extra Large,310,Very High Power,30000.0,5,Media,96.7741935483871,6000.0,7.896814951302974,15000.0,Mainstream,96.7741935483871,7.896814951302974
NISSAN,TITAN,V8,"5,598 cc",400 hp,200 km/h,5.9 sec,"$40,000 ",Petrol,5,560 Nm,5598.0,Extra Large,400,Very High Power,40000.0,5,Media,100.0,8000.0,7.145409074669525,20000.0,Mainstream,100.0,7.145409074669525
ASTON MARTIN,VALKYRIE,V12,"6,496 cc",1160 hp,402 km/h,2.5 sec,"$3,200,000 ",Hybrid,2,900 Nm,6496.0,Extra Large,1160,Very High Power,3200000.0,2,Alta,2758.6206896551726,1600000.0,492.61083743842363,1066666.6666666667,Luxury,919.5402298850574,164.20361247947454
ASTON MARTIN,VALHALLA,V8,"3,996 cc",1000 hp,362 km/h,2.5 sec,"$1,100,000 ",Hybrid,2,1000 Nm,3996.0,Extra Large,1000,Very High Power,1100000.0,2,Alta,1100.0,550000.0,275.27527527527525,366666.6666666667,Luxury,366.6666666666667,91.75842509175843
ASTON MARTIN,DBS SUPERLEGGERA,V12,"5,204 cc",715 hp,340 km/h,3.4 sec,"$316,000 ",Petrol,2,900 Nm,5204.0,Extra Large,715,Very High Power,316000.0,2,Media,441.958041958042,158000.0,60.72252113758647,158000.0,Luxury,147.31934731934732,20.24084037919549
ASTON MARTIN,DB11,V12,"5,204 cc",600 hp,322 km/h,3.9 sec,"$208,000 ",Petrol,4,700 Nm,5204.0,Extra Large,600,Very High Power,208000.0,4,Media,346.6666666666667,52000.0,39.96925441967717,104000.0,Luxury,115.55555555555556,13.323084806559057
ASTON MARTIN,VANTAGE ,V8,"3,996 cc",503 hp,313 km/h,3.6 sec,"$142,000 ",Petrol,2,685 Nm,3996.0,Extra Large,503,Very High Power,142000.0,2,Media,282.30616302186877,71000.0,35.53553553553554,71000.0,Luxury,94.10205434062293,11.845178511845178
ASTON MARTIN,DBX,V8,"3,996 cc",542 hp,291 km/h,4.5 sec,"$189,000 ",Petrol,5,700 Nm,3996.0,Extra Large,542,Very High Power,189000.0,5,Media,348.70848708487085,37800.0,47.2972972972973,94500.0,Luxury,116.23616236162361,15.765765765765765
ASTON MARTIN,RAPIDE AMR,V12,"5,935 cc",580 hp,328 km/h,4.2 sec,"$240,000 ",Petrol,4,630 Nm,5935.0,Extra Large,580,Very High Power,240000.0,4,Media,413.7931034482759,60000.0,40.438079191238415,120000.0,Luxury,137.93103448275863,13.479359730412805
ASTON MARTIN,VANQUISH,V12,"5,935 cc",580 hp,324 km/h,3.6 sec,"$294,000 ",Petrol,2,630 Nm,5935.0,Extra Large,580,Very High Power,294000.0,2,Media,506.8965517241379,147000.0,49.53664700926706,147000.0,Luxury,168.9655172413793,16.512215669755687
ASTON MARTIN,LAGONDA TARAF,V12,"5,935 cc",540 hp,314 km/h,4.2 sec,"$1,100,000 ",Petrol,4,630 Nm,5935.0,Extra Large,540,Very High Power,1100000.0,4,Media,2037.037037037037,275000.0,185.34119629317607,550000.0,Luxury,679.0123456790124,61.780398764392025
ASTON MARTIN,VICTOR,V12,"5,204 cc",836 hp,320 km/h,2.8 sec,"$1,300,000 ",Petrol,2,821 Nm,5204.0,Extra Large,836,Very High Power,1300000.0,2,Alta,1555.0239234449762,650000.0,249.80784012298233,433333.3333333333,Luxury,518.341307814992,83.2692800409941
LAMBORGHINI,SIAN,V12,"6,498 cc",819 hp,350 km/h,2.8 sec,"$2,800,000 ",Hybrid,2,720 Nm,6498.0,Extra Large,819,Very High Power,2800000.0,2,Media,3418.803418803419,1400000.0,430.9018159433672,1400000.0,Luxury,1139.6011396011395,143.63393864778905
LAMBORGHINI,AVENTADOR SVJ,V12,"6,498 cc",759 hp,350 km/h,2.8 sec,"$518,000 ",Petrol,2,720 Nm,6498.0,Extra Large,759,Very High Power,518000.0,2,Media,682.4769433465086,259000.0,79.71683594952293,259000.0,Luxury,227.4923144488362,26.572278649840978
LAMBORGHINI,HURACAN PERFORMANTE,V10,"5,204 cc",640 hp,325 km/h,2.9 sec,"$274,000 ",Petrol,2,600 Nm,5204.0,Extra Large,640,Very High Power,274000.0,2,Media,428.125,137000.0,52.651806302843966,137000.0,Luxury,142.70833333333334,17.550602100947987
LAMBORGHINI,HURACAN EVO,V10,"5,204 cc",640 hp,325 km/h,2.9 sec,"$261,000 ",Petrol,2,600 Nm,5204.0,Extra Large,640,Very High Power,261000.0,2,Media,407.8125,130500.0,50.15372790161414,130500.0,Luxury,135.9375,16.717909300538047
LAMBORGHINI,AVENTADOR SV,V12,"6,498 cc",740 hp,350 km/h,2.8 sec,"$493,000 ",Petrol,2,690 Nm,6498.0,Extra Large,740,Very High Power,493000.0,2,Media,666.2162162162163,246500.0,75.86949830717144,246500.0,Luxury,222.07207207207207,25.289832769057146
LAMBORGHINI,URUS ,V8,"3,996 cc",641 hp,305 km/h,3.6 sec,"$211,000 ",Petrol,5,850 Nm,3996.0,Extra Large,641,Very High Power,211000.0,5,Alta,329.1731669266771,42200.0,52.8028028028028,70333.33333333333,Luxury,109.72438897555902,17.600934267600934
LAMBORGHINI,HURACAN SPYDER,V10,"5,204 cc",610 hp,325 km/h,3.4 sec,"$287,000 ",Petrol,2,600 Nm,5204.0,Extra Large,610,Very High Power,287000.0,2,Media,470.4918032786885,143500.0,55.14988470407379,143500.0,Luxury,156.8306010928962,18.383294901357928
LAMBORGHINI,AVENTADOR ROADSTER,V12,"6,498 cc",700 hp,350 km/h,3.0 sec,"$445,000 ",Petrol,2,690 Nm,6498.0,Extra Large,700,Very High Power,445000.0,2,Media,635.7142857142857,222500.0,68.48261003385657,222500.0,Luxury,211.9047619047619,22.82753667795219
LAMBORGHINI,HURACAN  PERFORMANTE SPYDER,V10,"5,204 cc",640 hp,325 km/h,3.1 sec,"$308,000 ",Petrol,2,600 Nm,5204.0,Extra Large,640,Very High Power,308000.0,2,Media,481.25,154000.0,59.18524212144504,154000.0,Luxury,160.41666666666666,19.72841404048168
LAMBORGHINI,AVENTADOR S,V12,"6,498 cc",740 hp,350 km/h,2.9 sec,"$421,000 ",Petrol,2,690 Nm,6498.0,Extra Large,740,Very High Power,421000.0,2,Media,568.918918918919,210500.0,64.78916589719914,210500.0,Luxury,189.63963963963963,21.596388632399712
LAMBORGHINI,HURACAN EVO SPYDER,V10,"5,204 cc",640 hp,325 km/h,3.1 sec,"$287,000 ",Petrol,2,600 Nm,5204.0,Extra Large,640,Very High Power,287000.0,2,Media,448.4375,143500.0,55.14988470407379,143500.0,Luxury,149.47916666666666,18.383294901357928
LAMBORGHINI,URUS PERFORMANTE,V8,"3,996 cc",641 hp,305 km/h,3.3 sec,"$242,000 ",Petrol,5,850 Nm,3996.0,Extra Large,641,Very High Power,242000.0,5,Alta,377.53510140405615,48400.0,60.56056056056056,80666.66666666667,Luxury,125.84503380135206,20.186853520186855
LAMBORGHINI,AVENTADOR ULTIMAE,V12,"6,498 cc",769 hp,355 km/h,2.8 sec,"$545,000 ",Petrol,2,720 Nm,6498.0,Extra Large,769,Very High Power,545000.0,2,Media,708.7126137841352,272500.0,83.87196060326254,272500.0,Luxury,236.23753792804507,27.957320201087516
LAMBORGHINI,HURACAN EVO RWD,V10,"5,204 cc",610 hp,325 km/h,3.3 sec,"$258,000 ",Petrol,2,560 Nm,5204.0,Extra Large,610,Very High Power,258000.0,2,Media,422.95081967213116,129000.0,49.57724827056111,129000.0,Luxury,140.98360655737704,16.52574942352037
LAMBORGHINI,AVENTADOR SVJ ROADSTER,V12,"6,498 cc",759 hp,350 km/h,2.9 sec,"$573,000 ",Petrol,2,720 Nm,6498.0,Extra Large,759,Very High Power,573000.0,2,Media,754.9407114624506,286500.0,88.18097876269621,286500.0,Luxury,251.64690382081687,29.393659587565406
LAMBORGHINI,URUS S,V8,"3,996 cc",671 hp,305 km/h,3.3 sec,"$263,000 ",Petrol,5,850 Nm,3996.0,Extra Large,671,Very High Power,263000.0,5,Alta,391.95230998509686,52600.0,65.81581581581581,87666.66666666667,Luxury,130.65076999503228,21.938605271938606
LAMBORGHINI,HURACAN STO,V10,"5,204 cc",640 hp,325 km/h,3.0 sec,"$327,000 ",Petrol,2,565 Nm,5204.0,Extra Large,640,Very High Power,327000.0,2,Media,510.9375,163500.0,62.836279784780935,163500.0,Luxury,170.3125,20.94542659492698
LAMBORGHINI,AVENTADOR LP 780-4 ULTIMATE,V12,"6,498 cc",769 hp,355 km/h,2.8 sec,"$545,000 ",Petrol,2,720 Nm,6498.0,Extra Large,769,Very High Power,545000.0,2,Media,708.7126137841352,272500.0,83.87196060326254,272500.0,Luxury,236.23753792804507,27.957320201087516
LAMBORGHINI,HURACAN EVO RWD SPYDER,V10,"5,204 cc",610 hp,325 km/h,3.3 sec,"$273,000 ",Petrol,2,600 Nm,5204.0,Extra Large,610,Very High Power,273000.0,2,Media,447.5409836065574,136500.0,52.459646425826286,136500.0,Luxury,149.18032786885246,17.486548808608763
LAMBORGHINI,AVENTADOR SVJ XAGO,V12,"6,498 cc",759 hp,350 km/h,2.9 sec,"$603,000 ",Petrol,2,720 Nm,6498.0,Extra Large,759,Very High Power,603000.0,2,Media,794.4664031620554,301500.0,92.797783933518,301500.0,Luxury,264.82213438735175,30.932594644506
LAMBORGHINI,URUS GRAPHITE CAPSULE,V8,"3,998 cc",641 hp,305 km/h,3.3 sec,"$253,000 ",Petrol,5,850 Nm,3998.0,Extra Large,641,Very High Power,253000.0,5,Alta,394.69578783151326,50600.0,63.2816408204102,84333.33333333333,Luxury,131.56526261050442,21.09388027347007
LAMBORGHINI,HURACAN STO EVO,V10,"5,204 cc",640 hp,325 km/h,3.0 sec,"$342,000 ",Petrol,2,565 Nm,5204.0,Extra Large,640,Very High Power,342000.0,2,Media,534.375,171000.0,65.71867794004612,171000.0,Luxury,178.125,21.90622598001537
LAMBORGHINI,AVENTADOR LP 780-4 ULTIMATE ROADSTER,V12,"6,498 cc",769 hp,355 km/h,2.8 sec,"$573,000 ",Petrol,2,720 Nm,6498.0,Extra Large,769,Very High Power,573000.0,2,Media,745.1235370611183,286500.0,88.18097876269621,286500.0,Luxury,248.3745123537061,29.393659587565406
BMW,M5 CS,V8,"4,395 cc",627 hp,305 km/h,3.0 sec,"$142,000 ",Petrol,5,750 Nm,4395.0,Extra Large,627,Very High Power,142000.0,5,Media,226.47527910685807,28400.0,32.3094425483504,71000.0,Premium,113.23763955342903,16.1547212741752
BMW,M4 GTS,I6,"2,993 cc",493 hp,305 km/h,3.7 sec,"$133,000 ",Petrol,4,600 Nm,2993.0,Extra Large,493,Very High Power,133000.0,4,Alta,269.7768762677485,33250.0,44.43701971266288,44333.333333333336,Premium,134.88843813387425,22.21850985633144
BMW,M3 COMPETITION,I6,"2,993 cc",503 hp,285 km/h,3.5 sec,"$76,000 ",Petrol,5,650 Nm,2993.0,Extra Large,503,Very High Power,76000.0,5,Alta,151.0934393638171,15200.0,25.392582692950217,25333.333333333332,Premium,75.54671968190856,12.696291346475109
BMW,M2 CS,I6,"2,993 cc",444 hp,280 km/h,4.0 sec,"$83,000 ",Petrol,4,550 Nm,2993.0,Extra Large,444,Very High Power,83000.0,4,Media,186.93693693693695,20750.0,27.731373204143,41500.0,Premium,93.46846846846847,13.8656866020715
BMW,X5 M COMPETITION,V8,"4,935 cc",523 hp,285 km/h,4.1 sec,"$114,000 ",Petrol,5,750 Nm,4935.0,Extra Large,523,Very High Power,114000.0,5,Media,217.97323135755258,22800.0,23.10030395136778,57000.0,Premium,108.98661567877629,11.55015197568389
BMW,X3 M COMPETITION,I6,"2,993 cc",503 hp,285 km/h,4.1 sec,"$69,000 ",Petrol,5,650 Nm,2993.0,Extra Large,503,Very High Power,69000.0,5,Alta,137.1769383697813,13800.0,23.053792181757434,23000.0,Premium,68.58846918489066,11.526896090878717
BMW,M8 GRAN COUPE,V8,"4,395 cc",523 hp,305 km/h,3.3 sec,"$146,000 ",Petrol,5,750 Nm,4395.0,Extra Large,523,Very High Power,146000.0,5,Media,279.1586998087954,29200.0,33.219567690557454,73000.0,Premium,139.5793499043977,16.609783845278727
BMW,M850i DRIVE COUPE,V8,"4,935 cc",523 hp,285 km/h,3.7 sec,"$108,000 ",Petrol,4,750 Nm,4935.0,Extra Large,523,Very High Power,108000.0,4,Media,206.50095602294456,27000.0,21.88449848024316,54000.0,Premium,103.25047801147228,10.94224924012158
AUDI,R8 V10 PLUS,V10,"5,204 cc",610 hp,330 km/h,3.2 sec,"$194,000 ",Petrol,2,560 Nm,5204.0,Extra Large,610,Very High Power,194000.0,2,Media,318.0327868852459,97000.0,37.27901614142967,97000.0,Premium,159.01639344262296,18.639508070714836
AUDI,RS7 SPORTBACK,V8,"3,993 cc",591 hp,305 km/h,3.6 sec,"$114,000 ",Petrol,5,800 Nm,3993.0,Extra Large,591,Very High Power,114000.0,5,Media,192.89340101522842,22800.0,28.549962434259953,57000.0,Premium,96.44670050761421,14.274981217129977
AUDI,S8,V8,"3,993 cc",563 hp,305 km/h,4.3 sec,"$101,000 ",Petrol,5,800 Nm,3993.0,Extra Large,563,Very High Power,101000.0,5,Media,179.39609236234458,20200.0,25.29426496368645,50500.0,Premium,89.69804618117229,12.647132481843226
AUDI,RS6 AVANT,V8,"3,993 cc",591 hp,305 km/h,3.6 sec,"$109,000 ",Petrol,5,800 Nm,3993.0,Extra Large,591,Very High Power,109000.0,5,Media,184.4331641285956,21800.0,27.297771099423993,54500.0,Premium,92.2165820642978,13.648885549711997
AUDI,S7 SPORTBACK,V8,"3,993 cc",563 hp,305 km/h,4.3 sec,"$96,000 ",Petrol,5,650 Nm,3993.0,Extra Large,563,Very High Power,96000.0,5,Media,170.5150976909414,19200.0,24.04207362885049,48000.0,Premium,85.2575488454707,12.021036814425244
AUDI,A8,V6,"2,995 cc",335 hp,250 km/h,5.7 sec,"$86,000 ",Petrol,5,600 Nm,2995.0,Extra Large,335,Very High Power,86000.0,5,Media,256.7164179104478,17200.0,28.714524207011685,43000.0,Premium,128.3582089552239,14.357262103505843
AUDI,S5 COUPE,V6,"2,995 cc",349 hp,250 km/h,4.8 sec,"$64,000 ",Petrol,4,500 Nm,2995.0,Extra Large,349,Very High Power,64000.0,4,Media,183.3810888252149,16000.0,21.368948247078464,32000.0,Premium,91.69054441260745,10.684474123539232
AUDI,SQ5,V6,"2,995 cc",349 hp,250 km/h,5.4 sec,"$62,000 ",Petrol,5,500 Nm,2995.0,Extra Large,349,Very High Power,62000.0,5,Media,177.65042979942695,12400.0,20.70116861435726,31000.0,Premium,88.82521489971347,10.35058430717863
AUDI,S4 SEDAN,V6,"2,995 cc",349 hp,250 km/h,4.7 sec,"$59,000 ",Petrol,5,500 Nm,2995.0,Extra Large,349,Very High Power,59000.0,5,Media,169.054441260745,11800.0,19.69949916527546,29500.0,Premium,84.5272206303725,9.84974958263773
AUDI,S3 SEDAN,I4,"1,984 cc",306 hp,250 km/h,4.8 sec,"$52,000 ",Petrol,5,400 Nm,1984.0,Large,306,Very High Power,52000.0,5,Alta,169.9346405228758,10400.0,26.20967741935484,17333.333333333332,Premium,84.9673202614379,13.10483870967742
AUDI,Q7,V6,"2,995 cc",335 hp,250 km/h,6.3 sec,"$60,000 ",Petrol,7,600 Nm,2995.0,Extra Large,335,Very High Power,60000.0,7,Media,179.1044776119403,8571.42857142857,20.03338898163606,30000.0,Premium,89.55223880597015,10.01669449081803
AUDI,Q5,I4,"1,984 cc",248 hp,240 km/h,6.3 sec,"$43,000 ",Petrol,5,500 Nm,1984.0,Large,248,High Power,43000.0,5,Media,173.38709677419354,8600.0,21.673387096774192,21500.0,Premium,86.69354838709677,10.836693548387096
AUDI,A7,V6,"2,995 cc",335 hp,250 km/h,5.7 sec,"$68,000 ",Petrol,5,600 Nm,2995.0,Extra Large,335,Very High Power,68000.0,5,Media,202.98507462686567,13600.0,22.70450751252087,34000.0,Premium,101.49253731343283,11.352253756260435
AUDI,A6,V6,"2,995 cc",335 hp,250 km/h,5.7 sec,"$58,000 ",Petrol,5,600 Nm,2995.0,Extra Large,335,Very High Power,58000.0,5,Media,173.13432835820896,11600.0,19.36560934891486,29000.0,Premium,86.56716417910448,9.68280467445743
AUDI,A5 COUPE,I4,"1,984 cc",248 hp,240 km/h,6.3 sec,"$45,000 ",Petrol,4,500 Nm,1984.0,Large,248,High Power,45000.0,4,Media,181.4516129032258,11250.0,22.681451612903224,22500.0,Premium,90.7258064516129,11.340725806451612
AUDI,A4,I4,"1,984 cc",248 hp,240 km/h,6.5 sec,"$39,000 ",Petrol,5,400 Nm,1984.0,Large,248,High Power,39000.0,5,Media,157.25806451612902,7800.0,19.657258064516128,19500.0,Premium,78.62903225806451,9.828629032258064
AUDI,Q3,I4,"1,984 cc",248 hp,230 km/h,7.3 sec,"$35,000 ",Petrol,5,400 Nm,1984.0,Large,248,High Power,35000.0,5,Media,141.1290322580645,7000.0,17.641129032258064,17500.0,Premium,70.56451612903226,8.820564516129032
AUDI,E-TRON,ELECTRIC ,95 kwh,402 hp,200 km/h,5.5 sec,"$75,000 ",Electric,5,664 Nm,95.0,Small,402,Very High Power,75000.0,5,Alta,186.56716417910448,15000.0,789.4736842105264,25000.0,Premium,93.28358208955224,394.7368421052632
AUDI,E-TRON SPORTBACK,ELECTRIC,95 kwh,402 hp,200 km/h,5.5 sec,"$78,000 ",Electric,5,664 Nm,95.0,Small,402,Very High Power,78000.0,5,Alta,194.02985074626866,15600.0,821.0526315789474,26000.0,Premium,97.01492537313433,410.5263157894737
AUDI,TT COUPE,I4,"1,984 cc",248 hp,250 km/h,5.3 sec,"$49,000 ",Petrol,2,400 Nm,1984.0,Large,248,High Power,49000.0,2,Media,197.58064516129033,24500.0,24.697580645161292,24500.0,Premium,98.79032258064517,12.348790322580646
BMW,I8 ROADSTER,ELECTRIC MOTOR,11.6 kwh,369 hp,250 km/h,4.4 sec,"$165,000 ",Hybrid,2,570 Nm,11.6,Small,369,Very High Power,165000.0,2,Alta,447.1544715447154,82500.0,14224.137931034484,55000.0,Premium,223.5772357723577,7112.068965517242
BMW,330i,I4,"1,998 cc",255 hp,250 km/h,5.6 sec,"$45,000 ",Petrol,5,400 Nm,1998.0,Large,255,High Power,45000.0,5,Media,176.47058823529412,9000.0,22.52252252252252,22500.0,Premium,88.23529411764706,11.26126126126126
BMW,M340i XDRIVE,I6,"2,998 cc",382 hp,250 km/h,4.1 sec,"$57,000 ",Petrol,5,500 Nm,2998.0,Extra Large,382,Very High Power,57000.0,5,Media,149.21465968586386,11400.0,19.012675116744497,28500.0,Premium,74.60732984293193,9.506337558372248
BMW,430i COUPE,I4,"1,998 cc",255 hp,250 km/h,5.8 sec,"$48,000 ",Petrol,4,400 Nm,1998.0,Large,255,High Power,48000.0,4,Media,188.23529411764707,12000.0,24.024024024024023,24000.0,Premium,94.11764705882354,12.012012012012011
BMW,M4 COMPETITION,I6,"2,993 cc",503 hp,290 km/h,3.8 sec,"$81,000 ",Petrol,4,650 Nm,2993.0,Extra Large,503,Very High Power,81000.0,4,Alta,161.0337972166998,20250.0,27.063147343802203,27000.0,Premium,80.5168986083499,13.531573671901102
BMW,530i,I4,"1,998 cc",248 hp,250 km/h,5.9 sec,"$57,000 ",Petrol,5,400 Nm,1998.0,Large,248,High Power,57000.0,5,Media,229.83870967741936,11400.0,28.52852852852853,28500.0,Premium,114.91935483870968,14.264264264264265
BMW,M550i XDRIVE,V8,"4,395 cc",523 hp,250 km/h,3.6 sec,"$78,000 ",Petrol,5,650 Nm,4395.0,Extra Large,523,Very High Power,78000.0,5,Media,149.1395793499044,15600.0,17.747440273037544,39000.0,Premium,74.5697896749522,8.873720136518772
BMW,118i,I3,"1,499 cc",136 hp,213 km/h,8.5 sec,"$32,000 ",Petrol,5,220 Nm,1499.0,Medium,136,Medium Power,32000.0,5,Media,235.2941176470588,6400.0,21.34756504336224,16000.0,Premium,117.6470588235294,10.67378252168112
BMW,128ti,I4,"1,998 cc",261 hp,250 km/h,6.1 sec,"$42,000 ",Petrol,5,400 Nm,1998.0,Large,261,High Power,42000.0,5,Media,160.91954022988506,8400.0,21.02102102102102,21000.0,Premium,80.45977011494253,10.51051051051051
BMW,M135i XDRIVE,I4,"1,998 cc",302 hp,250 km/h,4.8 sec,"$30,000 ",Petrol,5,450 Nm,1998.0,Large,302,Very High Power,30000.0,5,Alta,99.33774834437087,6000.0,15.015015015015015,10000.0,Premium,49.66887417218543,7.5075075075075075
BMW,116D,I3,"1,496 cc",116 hp,200 km/h,10.3 sec,"$30,000 ",Diesel,5,280 Nm,1496.0,Medium,116,Medium Power,30000.0,5,Media,258.62068965517244,6000.0,20.053475935828878,15000.0,Premium,129.31034482758622,10.026737967914439
BMW,120D XDRIVE,I4,"1,995 cc",190 hp,230 km/h,6.9 sec,"$38,000 ",Diesel,5,400 Nm,1995.0,Large,190,Medium Power,38000.0,5,Media,200.0,7600.0,19.047619047619047,19000.0,Premium,100.0,9.523809523809524
BMW,116i,I3,"1,499 cc",109 hp,200 km/h,10.9 sec,"$28,000 ",Petrol,5,200 Nm,1499.0,Medium,109,Medium Power,28000.0,5,Media,256.8807339449541,5600.0,18.67911941294196,14000.0,Premium,128.44036697247705,9.33955970647098
BMW,118D,I4,"1,995 cc",150 hp,216 km/h,8.4 sec,"$34,000 ",Diesel,5,380 Nm,1995.0,Large,150,Medium Power,34000.0,5,Media,226.66666666666666,6800.0,17.04260651629073,17000.0,Premium,113.33333333333333,8.521303258145364
BMW,120i,I4,"1,998 cc",178 hp,230 km/h,7.1  sec,"$37,000 ",Petrol,5,300 Nm,1998.0,Large,178,Medium Power,37000.0,5,Media,207.86516853932585,7400.0,18.51851851851852,18500.0,Premium,103.93258426966293,9.25925925925926
BMW,125i,I4,"1,998 cc",224 hp,240 km/h,6.1 sec,"$42,000 ",Petrol,5,400 Nm,1998.0,Large,224,High Power,42000.0,5,Media,187.5,8400.0,21.02102102102102,21000.0,Premium,93.75,10.51051051051051
BMW,114D,I3,"1,496 cc",95 hp,185 km/h,12.2 sec,"$27,000 ",Diesel,5,270 Nm,1496.0,Medium,95,Low Power,27000.0,5,Media,284.2105263157895,5400.0,18.048128342245988,13500.0,Premium,142.10526315789474,9.024064171122994
BMW,114i,I4,"1,598 cc",102 hp,195 km/h,11.2 sec,"$26,000 ",Petrol,5,200 Nm,1598.0,Medium,102,Medium Power,26000.0,5,Media,254.90196078431373,5200.0,16.270337922403005,13000.0,Premium,127.45098039215686,8.135168961201503
BMW,125D,I4,"1,995 cc",224 hp,240 km/h,6.3 sec,"$44,000 ",Diesel,5,400 Nm,1995.0,Large,224,High Power,44000.0,5,Media,196.42857142857142,8800.0,22.05513784461153,22000.0,Premium,98.21428571428571,11.027568922305765
BMW,118i XDRIVE,I3,"1,499 cc",136 hp,211 km/h,8.9 sec,"$34,000 ",Petrol,5,250 Nm,1499.0,Medium,136,Medium Power,34000.0,5,Media,250.0,6800.0,22.68178785857238,17000.0,Premium,125.0,11.34089392928619
BMW,116D EFFICIENTDYNAMICS,I3,"1,496 cc",116 hp,200 km/h,10.9 sec,"$30,000 ",Diesel,5,270 Nm,1496.0,Medium,116,Medium Power,30000.0,5,Media,258.62068965517244,6000.0,20.053475935828878,15000.0,Premium,129.31034482758622,10.026737967914439
BMW,118i SPORTLINE,I3,"1,499 cc",136 hp,213 km/h,8.5 sec,"$35,000 ",Petrol,5,250 Nm,1499.0,Medium,136,Medium Power,35000.0,5,Media,257.3529411764706,7000.0,23.34889926617745,17500.0,Premium,128.6764705882353,11.674449633088726
BMW,118i M SPORT,I3,"1,499 cc",136 hp,213 km/h,8.5 sec,"$37,000 ",Petrol,5,250 Nm,1499.0,Medium,136,Medium Power,37000.0,5,Media,272.05882352941177,7400.0,24.68312208138759,18500.0,Premium,136.02941176470588,12.341561040693795
BMW,120i M SPORT,I4,"1,998 cc",178 hp,230 km/h,7.1 sec,"$39,000 ",Petrol,5,300 Nm,1998.0,Large,178,Medium Power,39000.0,5,Media,219.1011235955056,7800.0,19.51951951951952,19500.0,Premium,109.5505617977528,9.75975975975976
BMW,116i EFFICIENTDYNAMICS,I4,"1,598 cc",109 hp,195 km/h,10.9 sec,"$29,000 ",Petrol,5,200 Nm,1598.0,Medium,109,Medium Power,29000.0,5,Media,266.0550458715596,5800.0,18.147684605757195,14500.0,Premium,133.0275229357798,9.073842302878598
BMW,116D ADVANTAGE,I3,"1,496 cc",116 hp,200 km/h,10.5 sec,"$31,000 ",Diesel,5,270 Nm,1496.0,Medium,116,Medium Power,31000.0,5,Media,267.2413793103448,6200.0,20.72192513368984,15500.0,Premium,133.6206896551724,10.36096256684492
BMW,120D EFFICIENTDYNAMICS,I4,"1,995 cc",163 hp,225 km/h,7.7 sec,"$39,000 ",Diesel,5,400 Nm,1995.0,Large,163,Medium Power,39000.0,5,Media,239.2638036809816,7800.0,19.548872180451127,19500.0,Premium,119.6319018404908,9.774436090225564
BMW,118i SHADOW LINE,I3,"1,499 cc",136 hp,213 km/h,8.5 sec,"$36,000 ",Petrol,5,250 Nm,1499.0,Medium,136,Medium Power,36000.0,5,Media,264.70588235294116,7200.0,24.01601067378252,18000.0,Premium,132.35294117647058,12.00800533689126
BMW,118D SPORT LINE,I4,"1,995 cc",150 hp,216 km/h,8.4 sec,"$36,000 ",Diesel,5,380 Nm,1995.0,Large,150,Medium Power,36000.0,5,Media,240.0,7200.0,18.045112781954888,18000.0,Premium,120.0,9.022556390977444
BMW,120i XDRIVE,I4,"1,998 cc",178 hp,230 km/h,7.2 sec,"$40,000 ",Petrol,5,300 Nm,1998.0,Large,178,Medium Power,40000.0,5,Media,224.7191011235955,8000.0,20.02002002002002,20000.0,Premium,112.35955056179775,10.01001001001001
BMW,114D SPORT LINE,I3,"1,496 cc",95 hp,185 km/h,12.2 sec,"$28,000 ",Diesel,5,270 Nm,1496.0,Medium,95,Low Power,28000.0,5,Media,294.7368421052632,5600.0,18.71657754010695,14000.0,Premium,147.3684210526316,9.358288770053475
BMW,118i URBAN LINE,I3,"1,499 cc",136 hp,213 km/h,8.5 sec,"$35,000 ",Petrol,5,250 Nm,1499.0,Medium,136,Medium Power,35000.0,5,Media,257.3529411764706,7000.0,23.34889926617745,17500.0,Premium,128.6764705882353,11.674449633088726
VOLVO,XC90,I6,"1,969 cc",247 hp,200 km/h,6.5 sec,"$60,000 ",Petrol/Diesel,7,400 Nm,1969.0,Large,247,High Power,60000.0,7,Media,242.914979757085,8571.42857142857,30.472320975114272,30000.0,Premium,121.4574898785425,15.236160487557136
VOLVO,XC60,I6,"1,969 cc",247 hp,220 km/h,6.4 sec,"$55,000 ",Petrol/Diesel,5,400 Nm,1969.0,Large,247,High Power,55000.0,5,Media,222.67206477732793,11000.0,27.932960893854748,27500.0,Premium,111.33603238866397,13.966480446927374
VOLVO,S90,I6,"1,969 cc",295 hp,250 km/h,5.9 sec,"$60,000 ",Petrol/Diesel,5,400 Nm,1969.0,Large,295,High Power,60000.0,5,Media,203.38983050847457,12000.0,30.472320975114272,30000.0,Premium,101.69491525423729,15.236160487557136
HONDA,CIVIC TYPE R,I4,"1,996 cc",315 hp,272 km/h,5.7 sec,"$44,000 ",Petrol,5,400 Nm,1996.0,Large,315,Very High Power,44000.0,5,Alta,139.68253968253967,8800.0,22.044088176352705,14666.666666666666,Mainstream,139.68253968253967,22.044088176352705
HONDA,ACCORD,I4,"1,498 cc",192 hp,201 km/h,7.1 sec,"$29,400 ",Petrol,5,370 Nm,1498.0,Medium,192,Medium Power,29400.0,5,Media,153.125,5880.0,19.626168224299064,14700.0,Mainstream,153.125,19.626168224299064
HONDA,CR-V,I4,"1,498 cc",190 hp,186 km/h,8.2 sec,"$30,000 ",Petrol/Hybrid,5,400 Nm,1498.0,Medium,190,Medium Power,30000.0,5,Media,157.89473684210526,6000.0,20.026702269692922,15000.0,Mainstream,157.89473684210526,20.026702269692922
HONDA,PILOT,V6,"3,471 cc",285 hp,209 km/h,6.3 sec,"$40,000 ",Petrol,8,360 Nm,3471.0,Extra Large,285,High Power,40000.0,8,Media,140.35087719298247,5000.0,11.524056467876692,20000.0,Mainstream,140.35087719298247,11.524056467876692
HONDA,CIVIC HATCHBACK,I4,"1,498 cc",180 hp,220 km/h,6.8 sec,"$26,350 ",Petrol,5,300 Nm,1498.0,Medium,180,Medium Power,26350.0,5,Media,146.38888888888889,5270.0,17.59012016021362,13175.0,Mainstream,146.38888888888889,17.59012016021362
TOYOTA,CAMRY,V6,"3,500 cc",301 hp,220 km/h,6.0 sec,"$27,000 ",Petrol/Hybrid,5,250 Nm,3500.0,Extra Large,301,Very High Power,27000.0,5,Media,89.70099667774086,5400.0,7.714285714285714,13500.0,Mainstream,89.70099667774086,7.714285714285714
TOYOTA,COROLLA,I4,"1,798 cc",139 hp,180 km/h,9.4 sec,"$22,500 ",Petrol/Hybrid,5,200 Nm,1798.0,Large,139,Medium Power,22500.0,5,Media,161.8705035971223,4500.0,12.513904338153504,11250.0,Mainstream,161.8705035971223,12.513904338153504
TOYOTA,PRIUS,I4,"1,798 cc",121 hp,180 km/h,10.5 sec,"$26,700 ",Hybrid,5,142 Nm,1798.0,Large,121,Medium Power,26700.0,5,Media,220.6611570247934,5340.0,14.849833147942158,13350.0,Mainstream,220.6611570247934,14.849833147942158
TOYOTA,RAV4,I4,"2,494 cc",203 hp,200 km/h,8.1 sec,"$27,100 ",Petrol/Hybrid,5,400 Nm,2494.0,Large,203,High Power,27100.0,5,Media,133.4975369458128,5420.0,10.86607858861267,13550.0,Mainstream,133.4975369458128,10.86607858861267
TOYOTA,HIGHLANDER,V6,"3,456 cc",295 hp,220 km/h,7.2 sec,"$38,400 ",Petrol/Hybrid,7,370 Nm,3456.0,Extra Large,295,High Power,38400.0,7,Media,130.16949152542372,5485.714285714285,11.11111111111111,19200.0,Mainstream,130.16949152542372,11.11111111111111
TOYOTA,4RUNNER ,V6,"3,956 cc",270 hp,200 km/h,7.5 sec,"$37,400 ",Petrol,5,400 Nm,3956.0,Extra Large,270,High Power,37400.0,5,Media,138.5185185185185,7480.0,9.453993933265926,18700.0,Mainstream,138.5185185185185,9.453993933265926
TOYOTA,TACOMA,I4,"2,694 cc",159 hp,180 km/h,9.5 sec,"$26,400 ",Petrol,5,400 Nm,2694.0,Extra Large,159,Medium Power,26400.0,5,Media,166.03773584905662,5280.0,9.799554565701559,13200.0,Mainstream,166.03773584905662,9.799554565701559
TOYOTA,TUNDRA,V8,"5,663 cc",381 hp,220 km/h,6.7 sec,"$39,900 ",Petrol,5,650 Nm,5663.0,Extra Large,381,Very High Power,39900.0,5,Media,104.7244094488189,7980.0,7.045735475896168,19950.0,Mainstream,104.7244094488189,7.045735475896168
TOYOTA,AVALON,V6,"3,456 cc",301 hp,220 km/h,6.9 sec,"$41,400 ",Petrol,5,400 Nm,3456.0,Extra Large,301,Very High Power,41400.0,5,Media,137.54152823920265,8280.0,11.979166666666666,20700.0,Mainstream,137.54152823920265,11.979166666666666
TOYOTA,MIRAI,I4,"1,798 cc",151 hp,180 km/h,9.2 sec,"$52,400 ",Hydrogen,5,335 Nm,1798.0,Large,151,Medium Power,52400.0,5,Media,347.0198675496689,10480.0,29.14349276974416,26200.0,Mainstream,347.0198675496689,29.14349276974416
TOYOTA,SIENNA,V6,"2,494 cc",245 hp,190 km/h,8.0 sec,"$44,150 ",Petrol/Hybrid,7,360 Nm,2494.0,Large,245,High Power,44150.0,7,Media,180.20408163265307,6307.142857142857,17.702485966319166,22075.0,Mainstream,180.20408163265307,17.702485966319166
TOYOTA,VENZA,I4,"2,494 cc",219 hp,200 km/h,7.5 sec,"$33,400 ",Hybrid,5,400 Nm,2494.0,Large,219,High Power,33400.0,5,Media,152.51141552511416,6680.0,13.39214113873296,16700.0,Mainstream,152.51141552511416,13.39214113873296
TOYOTA,HIGHLANDER HYBRID,V6,"3,456 cc",240 hp,220 km/h,8.2 sec,"$40,400 ",Hybrid,7,350 Nm,3456.0,Extra Large,240,High Power,40400.0,7,Media,168.33333333333334,5771.428571428572,11.689814814814815,20200.0,Mainstream,168.33333333333334,11.689814814814815
TOYOTA,LAND CRUISER PRADO,V6,"3,956 cc",282 hp,200 km/h,7.2 sec,"$49,400 ",Petrol/Diesel,7,450 Nm,3956.0,Extra Large,282,High Power,49400.0,7,Media,175.17730496453902,7057.142857142857,12.487360970677452,24700.0,Mainstream,175.17730496453902,12.487360970677452
TOYOTA,TUNDRA HYBRID,V6,"3,456 cc",344 hp,220 km/h,6.2 sec,"$43,400 ",Hybrid,5,650 Nm,3456.0,Extra Large,344,Very High Power,43400.0,5,Media,126.16279069767442,8680.0,12.55787037037037,21700.0,Mainstream,126.16279069767442,12.55787037037037
TOYOTA,YARIS,I4,"1,496 cc",106 hp,180 km/h,11.2 sec,"$18,400 ",Petrol,5,150 Nm,1496.0,Medium,106,Medium Power,18400.0,5,Media,173.58490566037736,3680.0,12.29946524064171,9200.0,Mainstream,173.58490566037736,12.29946524064171
TOYOTA,C-HR,I4,"1,986 cc",144 hp,200 km/h,10.2 sec,"$24,400 ",Petrol/Hybrid,5,250 Nm,1986.0,Large,144,Medium Power,24400.0,5,Media,169.44444444444446,4880.0,12.28600201409869,12200.0,Mainstream,169.44444444444446,12.28600201409869
TOYOTA,BZ4X,ELECTRIC,"64.8 kwh (Base Model),72.8 kwh (Higher End Model",218 hp,200 km/h,7.5 sec,"$43,400 ",Electric,5,330 Nm,64.8,Small,218,High Power,43400.0,5,Alta,199.08256880733944,8680.0,669.7530864197531,14466.666666666666,Mainstream,199.08256880733944,669.7530864197531
TOYOTA,CROWN,HYBRID,"2,494 cc",236 hp,200 km/h,7.6 sec,"$38,400 ",Hybrid,5,400 Nm,2494.0,Large,236,High Power,38400.0,5,Media,162.71186440677965,7680.0,15.396952686447474,19200.0,Mainstream,162.71186440677965,15.396952686447474
TOYOTA,MR2,I4,"1,986 cc",168 hp,200 km/h,6.9 sec,"$29,000 ",Petrol,2,400 Nm,1986.0,Large,168,Medium Power,29000.0,2,Media,172.61904761904762,14500.0,14.602215508559919,14500.0,Mainstream,172.61904761904762,14.602215508559919
TOYOTA,CELICA,I4,"1,986 cc",140 hp,200 km/h,8.5 sec,"$25,000 ",Petrol,5,250 Nm,1986.0,Large,140,Medium Power,25000.0,5,Media,178.57142857142858,5000.0,12.58811681772407,12500.0,Mainstream,178.57142857142858,12.58811681772407
HONDA,CITY,I4,"1,497 cc",119 hp,180 km/h,10.2 sec,"$15,400 ",Petrol/Hybrid,5,145 Nm,1497.0,Medium,119,Medium Power,15400.0,5,Media,129.41176470588235,3080.0,10.287241148964595,7700.0,Mainstream,129.41176470588235,10.287241148964595
HONDA,CIVIC,I4,"1,996 cc",158 hp,200 km/h,8.5 sec,"$20,400 ",Petrol,5,400 Nm,1996.0,Large,158,Medium Power,20400.0,5,Media,129.1139240506329,4080.0,10.220440881763528,10200.0,Mainstream,129.1139240506329,10.220440881763528
TOYOTA,PRIUS PRIME,"2.0L,4-CYLINDER,WITH HYBRID SYSTEM","1,998 cc",220 hp,180 km/h,6.7 sec,"$31,100 ",Plug-in Hybrid,5,220 Nm,1998.0,Large,220,High Power,31100.0,5,Media,141.36363636363637,6220.0,15.565565565565565,15550.0,Mainstream,141.36363636363637,15.565565565565565
TOYOTA,GR COROLLA,"1.6L,TURBOCHARGED INLINE-3","1,618 cc",300 hp,230 km/h,5. 0 sec,"$36,995 ",Petrol,5,370 Nm,1618.0,Large,300,Very High Power,36995.0,5,Alta,123.31666666666666,7399.0,22.864647713226205,12331.666666666666,Mainstream,123.31666666666666,22.864647713226205
TOYOTA,LAND CRUISER 300,"3.3L,V6,TWIN TURBO DIESEL","3,346 cc",305 hp,210 km/h,6.8 sec,"$58,500 ",Petrol/Diesel,7,650 Nm,3346.0,Extra Large,305,Very High Power,58500.0,7,Media,191.80327868852459,8357.142857142857,17.48356246264196,29250.0,Mainstream,191.80327868852459,17.48356246264196
TOYOTA,TUNDRA I-FORCE MAX,"3.5L,V6,HYBRID TWIN-TURBO","3,445 cc",437 hp,180 km/h,6.2 sec,"$56,000 ",Hybrid,5,750 Nm,3445.0,Extra Large,437,Very High Power,56000.0,5,Media,128.14645308924486,11200.0,16.25544267053701,28000.0,Mainstream,128.14645308924486,16.25544267053701
TOYOTA,COROLLA HATCHBACK XSE,"2.0L,INLINE-4","1,987 cc",169 hp,190 km/h,8.2 sec,"$25,390 ",Petrol,5,250 Nm,1987.0,Large,169,Medium Power,25390.0,5,Media,150.23668639053255,5078.0,12.778057372924007,12695.0,Mainstream,150.23668639053255,12.778057372924007
TOYOTA,MIRAI,"HYDROGEN FUEL CELL,ELECTRIC MOTOR",1.24 kwh,152 hp,180 km/h,9.0 sec,"$49,500 ",Hydrogen,5,335 Nm,1.24,Small,152,Medium Power,49500.0,5,Alta,325.6578947368421,9900.0,39919.354838709674,16500.0,Mainstream,325.6578947368421,39919.354838709674
TOYOTA,HILUX GR SPORT,"2.8L,TURBO,DIESEL","2,755 cc",224 hp,170 km/h,10.0 sec,"$50,000 ",Petrol/Diesel,5,500 Nm,2755.0,Extra Large,224,High Power,50000.0,5,Media,223.21428571428572,10000.0,18.148820326678766,25000.0,Mainstream,223.21428571428572,18.148820326678766
TOYOTA,ALPHARD EXECUTIVE LOUNGE,"2.5L,INLINE-4,HYBRID,OR 3.5L,V6","HYBRID(2,494 cc),V6(3,456 cc)",296 hp,180 km/h,8.5 sec,"$60,000 ",Petrol,7,400 Nm,2494.0,Large,296,High Power,60000.0,7,Media,202.7027027027027,8571.42857142857,24.057738572574177,30000.0,Mainstream,202.7027027027027,24.057738572574177
TOYOTA,FORTUNER GR SPORT,"2.8L,TURBO,DIESEL","2,755 cc",204 hp,175 km/h,10.5 sec,"$55,000 ",Diesel/Petrol,7,500 Nm,2755.0,Extra Large,204,High Power,55000.0,7,Media,269.6078431372549,7857.142857142857,19.96370235934664,27500.0,Mainstream,269.6078431372549,19.96370235934664
TOYOTA,INNOVA HYCROSS,2.0L HYBRID,"1,987 cc",184 hp,165 km/h,9.5 sec,"$40,000 ",Hybrid,7,250 Nm,1987.0,Large,184,Medium Power,40000.0,7,Media,217.3913043478261,5714.285714285715,20.130850528434827,20000.0,Mainstream,217.3913043478261,20.130850528434827
TOYOTA,COASTER,"4.0L,DIESEL","4,009 cc",134 hp,120 km/h,,"$70,000 ",Diesel,20,500 Nm,4009.0,Extra Large,134,Medium Power,70000.0,20,Baja,522.3880597014926,3500.0,17.46071339486156,70000.0,Mainstream,522.3880597014926,17.46071339486156
TOYOTA,URBAN CRUISER TAISOR,"1.5L,HYBRID","1,490 cc",114 hp,170 km/h,11 sec,"$25,000 ",Petrol,5,130 Nm,1490.0,Medium,114,Medium Power,25000.0,5,Media,219.2982456140351,5000.0,16.778523489932887,12500.0,Mainstream,219.2982456140351,16.778523489932887
TOYOTA,AYGO X,"1.0L,INLINE-3",998 cc,71 hp,160 km/h,14.8 sec,"$18,000 ",Petrol,4,93 Nm,998.0,Small,71,Low Power,18000.0,4,Media,253.5211267605634,4500.0,18.03607214428858,9000.0,Mainstream,253.5211267605634,18.03607214428858
TOYOTA,HILUX REVO ROCCO,"2.8L,TURBO,DIESEL","2,755 cc",204 hp ,175 km/h,10.0 sec,"$50,000 ",Diesel,5,500 Nm,2755.0,Extra Large,204,High Power,50000.0,5,Media,245.09803921568627,10000.0,18.148820326678766,25000.0,Mainstream,245.09803921568627,18.148820326678766
TOYOTA,PROACE VERSO ELECTRIC,ELECTRIC MOTOR,75 KWH,136 hp,130 km/h,13.5 sec,"$55,000 ",Electric,7,280 Nm,75.0,Small,136,Medium Power,55000.0,7,Alta,404.4117647058824,7857.142857142857,733.3333333333334,18333.333333333332,Mainstream,404.4117647058824,733.3333333333334
TOYOTA,CENTURY SUV,"3.5L,V6,PLUG IN HYBRID","3,456 cc",406 hp,200 km/h,6.0 sec,"$170,000 ",Petrol,5,500 Nm,3456.0,Extra Large,406,Very High Power,170000.0,5,Media,418.7192118226601,34000.0,49.18981481481482,85000.0,Mainstream,418.7192118226601,49.18981481481482
TOYOTA,COROLLA SEDAN HYBRID,"1.8L,HYBRID","1,798 cc",134 hp,180 km/h,10.0 sec,"$24,000 ",Hybrid,5,300 Nm,1798.0,Large,134,Medium Power,24000.0,5,Media,179.1044776119403,4800.0,13.348164627363737,12000.0,Mainstream,179.1044776119403,13.348164627363737
TOYOTA,BZ3,ELECTRIC MOTOR,65 KWH,241 hp,160 km/h,7.5 sec,"$35,000 ",Electric,5,340 Nm,65.0,Small,241,High Power,35000.0,5,Alta,145.22821576763485,7000.0,538.4615384615385,11666.666666666666,Mainstream,145.22821576763485,538.4615384615385
TOYOTA,GR YARIS,"1.6L,TURBOCHARGED INLINE-3","1,618 cc",268 hp,230 km/h,5.5 sec,"$45,000 ",Petrol,4,390 Nm,1618.0,Large,268,High Power,45000.0,4,Alta,167.91044776119404,11250.0,27.81211372064277,15000.0,Mainstream,167.91044776119404,27.81211372064277
Nissan,NV1500,4.0L V6,3954 cc,261 hp,160 km/h,9.5 sec,"$33,000 ",Petrol,12,385 Nm,3954.0,Extra Large,261,High Power,33000.0,12,Media,126.4367816091954,2750.0,8.34597875569044,16500.0,Mainstream,126.4367816091954,8.34597875569044
Nissan,Versa,1.6L Inline-4,1598 cc,122 HP,180 km/h,10.4 sec,"$16,700 ",Petrol,5,154 Nm,1598.0,Medium,122,Medium Power,16700.0,5,Media,136.88524590163934,3340.0,10.450563204005006,8350.0,Mainstream,136.88524590163934,10.450563204005006
Nissan,Micra,1.0L Turbocharged Inline-3,999 cc,100 HP,175 km/h,10.8 sec,"$15,500 ",Petrol,5,160 Nm,999.0,Small,100,Medium Power,15500.0,5,Media,155.0,3100.0,15.515515515515515,7750.0,Mainstream,155.0,15.515515515515515
Nissan,Patrol Platinum,5.6L V8,5552 cc,400 HP,210 km/h,7.3 sec,"$77,000 ",Petrol,7,560 Nm,5552.0,Extra Large,400,Very High Power,77000.0,7,Media,192.5,11000.0,13.868876080691642,38500.0,Mainstream,192.5,13.868876080691642
Nissan,Qashqai,1.3L Turbocharged Inline-4,1332 cc,156 HP,195 km/h,8.9 sec,"$26,000 ",Petrol,5,260 Nm,1332.0,Medium,156,Medium Power,26000.0,5,Media,166.66666666666666,5200.0,19.51951951951952,13000.0,Mainstream,166.66666666666666,19.51951951951952
Nissan,Murano,3.5L V6,3498 cc,260 HP,210 km/h,7.5 sec,"$39,000 ",Petrol,5,325 Nm,3498.0,Extra Large,260,High Power,39000.0,5,Media,150.0,7800.0,11.149228130360205,19500.0,Mainstream,150.0,11.149228130360205
Nissan,Maxima Platinum,3.5L V6,3498 cc,300 HP,220 km/h,6.2 sec,"$45,000 ",Petrol,5,353 Nm,3498.0,Extra Large,300,Very High Power,45000.0,5,Media,150.0,9000.0,12.864493996569468,22500.0,Mainstream,150.0,12.864493996569468
Nissan,Armada,5.6L V8,5552 cc,400 HP,210 km/h,6.5 sec,"$51,000 ",Petrol,8,560 Nm,5552.0,Extra Large,400,Very High Power,51000.0,8,Media,127.5,6375.0,9.185878962536023,25500.0,Mainstream,127.5,9.185878962536023
Nissan,Kicks,1.6L Inline-4,1598 cc,122 HP,180 km/h,10.7 sec,"$20,000 ",Petrol,5,154 Nm,1598.0,Medium,122,Medium Power,20000.0,5,Media,163.9344262295082,4000.0,12.515644555694617,10000.0,Mainstream,163.9344262295082,12.515644555694617
Nissan,X-Trail,1.5L Turbocharged Inline-3,1498 cc,201 HP,200 km/h,8.0 sec,"$29,000 ",Hybrid,5,305 Nm,1498.0,Medium,201,High Power,29000.0,5,Media,144.27860696517413,5800.0,19.359145527369826,14500.0,Mainstream,144.27860696517413,19.359145527369826
Nissan,Z (Fairlady Z),3.0L Twin-Turbo V6,2997 cc,400 HP,250 km/h,4.5 sec,"$40,000 ",Petrol,2,475 Nm,2997.0,Extra Large,400,Very High Power,40000.0,2,Media,100.0,20000.0,13.34668001334668,20000.0,Mainstream,100.0,13.34668001334668
Nissan,Almera,1.0L Turbocharged Inline-3,999 cc,100 HP,185 km/h,10.7 sec,"$14,500 ",Petrol,5,160 Nm,999.0,Small,100,Medium Power,14500.0,5,Media,145.0,2900.0,14.514514514514515,7250.0,Mainstream,145.0,14.514514514514515
Nissan,Sylphy,1.8L Inline-4,1798 cc,137 HP,190 km/h,9.6 sec,"$18,000 ",Petrol,5,174 Nm,1798.0,Large,137,Medium Power,18000.0,5,Media,131.38686131386862,3600.0,10.011123470522802,9000.0,Mainstream,131.38686131386862,10.011123470522802
Nissan,Note,1.2L Inline-3 Hybrid,1198 cc,109 HP,170 km/h,11.5 sec,"$16,000 ",Hybrid,5,150 Nm,1198.0,Medium,109,Medium Power,16000.0,5,Media,146.78899082568807,3200.0,13.35559265442404,8000.0,Mainstream,146.78899082568807,13.35559265442404
Nissan,Sunny,1.6L Inline-4,1598 cc,118 HP,180 km/h,11.0 sec,"$15,000 ",Petrol,5,156 Nm,1598.0,Medium,118,Medium Power,15000.0,5,Media,127.11864406779661,3000.0,9.386733416770964,7500.0,Mainstream,127.11864406779661,9.386733416770964
Nissan,Cube,1.8L Inline-4,1798 cc,122 HP,175 km/h,10.6 sec,"$14,500 ",Petrol,5,171 Nm,1798.0,Large,122,Medium Power,14500.0,5,Media,118.85245901639344,2900.0,8.064516129032258,7250.0,Mainstream,118.85245901639344,8.064516129032258
Nissan,Juke,1.0L Turbocharged Inline-3,999 cc,117 HP,180 km/h,10.4 sec,"$25,000 ",Petrol,5,180 Nm,999.0,Small,117,Medium Power,25000.0,5,Media,213.67521367521368,5000.0,25.025025025025027,12500.0,Mainstream,213.67521367521368,25.025025025025027
Nissan,Terrano,1.5L Inline-4 Diesel,1461 cc,110 HP,168 km/h,13.5 sec,"$15,500 ",Diesel,5,248 Nm,1461.0,Medium,110,Medium Power,15500.0,5,Media,140.9090909090909,3100.0,10.609171800136892,7750.0,Mainstream,140.9090909090909,10.609171800136892
Nissan,Magnite,1.0L Turbocharged Inline-3,999 cc,100 HP,160 km/h,13.0 sec,"$12,000 ",Petrol,5,160 Nm,999.0,Small,100,Medium Power,12000.0,5,Media,120.0,2400.0,12.012012012012011,6000.0,Mainstream,120.0,12.012012012012011
Nissan,Xterra,4.0L V6,3954 cc,261 HP,200 km/h,7.8 sec,"$35,000 ",Petrol,7,381 Nm,3954.0,Extra Large,261,High Power,35000.0,7,Media,134.09961685823754,5000.0,8.85179564997471,17500.0,Mainstream,134.09961685823754,8.85179564997471
Nissan,Patrol,5.6L V8,5552 cc,400 HP,210 km/h,7.3 sec,"$77,000 ",Petrol,7,560 Nm,5552.0,Extra Large,400,Very High Power,77000.0,7,Media,192.5,11000.0,13.868876080691642,38500.0,Mainstream,192.5,13.868876080691642
Nissan,GT-R NISMO,3.8L Twin-Turbo V6,3799 cc,600 HP,330 km/h,2.9 sec,"$220,000 ",Petrol,2,652 Nm,3799.0,Extra Large,600,Very High Power,220000.0,2,Alta,366.6666666666667,110000.0,57.90997630955515,73333.33333333333,Mainstream,366.6666666666667,57.90997630955515
Nissan,370Z Roadster,3.7L V6,3696 cc,332 HP,250 km/h,5.5 sec,"$41,820 ",Petrol,2,366 Nm,3696.0,Extra Large,332,Very High Power,41820.0,2,Media,125.96385542168674,20910.0,11.314935064935066,20910.0,Mainstream,125.96385542168674,11.314935064935066
Nissan,Ariya ,Dual Electric Motors,87 kWh,389 HP,200 km/h,5.1 sec,"$58,950 ",Electric,5,600 Nm,87.0,Small,389,Very High Power,58950.0,5,Alta,151.54241645244215,11790.0,677.5862068965517,19650.0,Mainstream,151.54241645244215,677.5862068965517
Nissan,Patrol Royale,5.6L V8,5552 cc,400 HP,210 km/h,6.6 sec,"$85,000 ",Petrol,7,560 Nm,5552.0,Extra Large,400,Very High Power,85000.0,7,Media,212.5,12142.857142857143,15.309798270893372,42500.0,Mainstream,212.5,15.309798270893372
Nissan,Infiniti QX80*,5.6L V8,5552 cc,400 HP,210 km/h,6.5 sec,"$70,600 ",Petrol,7,560 Nm,5552.0,Extra Large,400,Very High Power,70600.0,7,Media,176.5,10085.714285714286,12.71613832853026,35300.0,Mainstream,176.5,12.71613832853026
Nissan,Tiida,1.6L Inline-4,1598 cc,126 HP,190 km/h,10.1 sec,"$14,500 ",Petrol,5,154 Nm,1598.0,Medium,126,Medium Power,14500.0,5,Media,115.07936507936508,2900.0,9.073842302878598,7250.0,Mainstream,115.07936507936508,9.073842302878598
Nissan,Pulsar,1.2L Turbocharged Inline-4,1197 cc,115 HP,190 km/h,10.7 sec,"$19,000 ",Petrol,5,190 Nm,1197.0,Medium,115,Medium Power,19000.0,5,Media,165.2173913043478,3800.0,15.873015873015873,9500.0,Mainstream,165.2173913043478,15.873015873015873
Nissan,Latio,1.5L Inline-4,1498 cc,102 HP,175 km/h,11.5 sec,"$13,000 ",Petrol,5,139 Nm,1498.0,Medium,102,Medium Power,13000.0,5,Media,127.45098039215686,2600.0,8.678237650200266,6500.0,Mainstream,127.45098039215686,8.678237650200266
Nissan,Bluebird Sylphy,2.0L Inline-4,1997 cc,133 HP,185 km/h,10.5 sec,"$18,500 ",Petrol,5,191 Nm,1997.0,Large,133,Medium Power,18500.0,5,Media,139.09774436090225,3700.0,9.26389584376565,9250.0,Mainstream,139.09774436090225,9.26389584376565
Nissan,March,1.2L Inline-3,1198 cc,79 HP,170 km/h,13.7 sec,"$12,000 ",Petrol,5,106 Nm,1198.0,Medium,79,Low Power,12000.0,5,Media,151.8987341772152,2400.0,10.01669449081803,6000.0,Mainstream,151.8987341772152,10.01669449081803
Nissan,Rogue Sport,2.0L Inline-4,1997 cc,141 HP,190 km/h,9.8 sec,"$24,960 ",Petrol,5,199 Nm,1997.0,Large,141,Medium Power,24960.0,5,Media,177.0212765957447,4992.0,12.498748122183274,12480.0,Mainstream,177.0212765957447,12.498748122183274
Nissan,X-Trail Hybrid,2.0L Inline-4 Hybrid,1997 cc,179 HP,180 km/h,9.4 sec,"$28,500 ",Hybrid,5,207 Nm,1997.0,Large,179,Medium Power,28500.0,5,Media,159.21787709497207,5700.0,14.271407110665999,14250.0,Mainstream,159.21787709497207,14.271407110665999
Nissan,Pathfinder Rock Creek,3.5L V6,3498 cc,284 HP,190 km/h,7.4 sec,"$42,820 ",Petrol,7,351 Nm,3498.0,Extra Large,284,High Power,42820.0,7,Media,150.77464788732394,6117.142857142857,12.24128073184677,21410.0,Mainstream,150.77464788732394,12.24128073184677
Nissan,Armada Platinum,5.6L V8,5552 cc,400 HP,210 km/h,6.5 sec,"$65,300 ",Petrol,8,560 Nm,5552.0,Extra Large,400,Very High Power,65300.0,8,Media,163.25,8162.5,11.761527377521613,32650.0,Mainstream,163.25,11.761527377521613
Nissan,Terrano XL,1.6L Inline-4,1598 cc,104 HP,165 km/h,12.5 sec,"$14,000 ",Petrol,5,145 Nm,1598.0,Medium,104,Medium Power,14000.0,5,Media,134.6153846153846,2800.0,8.760951188986233,7000.0,Mainstream,134.6153846153846,8.760951188986233
Nissan,GT-R50 by Italdesign,3.8L Twin-Turbo V6,3799 cc,720 HP,315 km/h,2.5 sec,"$1,100,000 ",Petrol,2,780 Nm,3799.0,Extra Large,720,Very High Power,1100000.0,2,Alta,1527.7777777777778,550000.0,289.5498815477757,366666.6666666667,Mainstream,1527.7777777777778,289.5498815477757
Nissan,370Z NISMO,3.7L V6,3696 cc,350 HP,250 km/h,5.2 sec,"$45,790 ",Petrol,2,374 Nm,3696.0,Extra Large,350,Very High Power,45790.0,2,Media,130.82857142857142,22895.0,12.389069264069263,22895.0,Mainstream,130.82857142857142,12.389069264069263
Nissan,Ariya E-4ORCE,Dual Electric Motors,87 kWh,389 HP,200 km/h,5.1 sec,"$60,000 ",Electric,5,600 Nm,87.0,Small,389,Very High Power,60000.0,5,Alta,154.24164524421593,12000.0,689.6551724137931,20000.0,Mainstream,154.24164524421593,689.6551724137931
Nissan,Patrol NISMO,5.6L V8,5552 cc,428 HP,210 km/h,6.5 sec,"$105,000 ",Petrol,7,560 Nm,5552.0,Extra Large,428,Very High Power,105000.0,7,Media,245.3271028037383,15000.0,18.912103746397694,52500.0,Mainstream,245.3271028037383,18.912103746397694
Nissan,Infiniti Q60*,3.0L V6 Twin-Turbo,2997 cc,300 HP,250 km/h,5.0 sec,"$41,750 ",Petrol,4,400 Nm,2997.0,Extra Large,300,Very High Power,41750.0,4,Media,139.16666666666666,10437.5,13.930597263930597,20875.0,Mainstream,139.16666666666666,13.930597263930597
Nissan,Primera,2.0L Inline-4,1998 cc,140 HP,200 km/h,9.6 sec,"$20,000 ",Petrol,5,190 Nm,1998.0,Large,140,Medium Power,20000.0,5,Media,142.85714285714286,4000.0,10.01001001001001,10000.0,Mainstream,142.85714285714286,10.01001001001001
Nissan,Skyline,3.0L V6 Twin-Turbo,2997 cc,400 HP,250 km/h,5.0 sec,"$50,000 ",Petrol,5,475 Nm,2997.0,Extra Large,400,Very High Power,50000.0,5,Media,125.0,10000.0,16.68335001668335,25000.0,Mainstream,125.0,16.68335001668335
Nissan,Cedric,2.0L Inline-6,1998 cc,150 HP,190 km/h,10.5 sec,"$22,000 ",Petrol,5,190 Nm,1998.0,Large,150,Medium Power,22000.0,5,Media,146.66666666666666,4400.0,11.01101101101101,11000.0,Mainstream,146.66666666666666,11.01101101101101
Nissan,Gloria,2.5L V6,2498 cc,210 HP,210 km/h,8.6 sec,"$30,000 ",Petrol,5,250 Nm,2498.0,Large,210,High Power,30000.0,5,Media,142.85714285714286,6000.0,12.00960768614892,15000.0,Mainstream,142.85714285714286,12.00960768614892
Nissan,Stanza,1.8L Inline-4,1796 cc,120 HP,175 km/h,11.0 sec,"$18,500 ",Petrol,5,170 Nm,1796.0,Large,120,Medium Power,18500.0,5,Media,154.16666666666666,3700.0,10.300668151447661,9250.0,Mainstream,154.16666666666666,10.300668151447661
Nissan,Patrol Super Safari,4.8L Inline-6,4750 cc,280 HP,190 km/h,8.2 sec,"$55,000 ",Petrol,7,451 Nm,4750.0,Extra Large,280,High Power,55000.0,7,Media,196.42857142857142,7857.142857142857,11.578947368421053,27500.0,Mainstream,196.42857142857142,11.578947368421053
Nissan,Pathfinder Hybrid,2.5L Inline-4 Hybrid,2488 cc,250 HP,190 km/h,7.7 sec,"$42,500 ",Hybrid,7,329 Nm,2488.0,Large,250,High Power,42500.0,7,Media,170.0,6071.428571428572,17.081993569131832,21250.0,Mainstream,170.0,17.081993569131832
Nissan,X-Terra Pro-4X,2.5L Inline-4,2498 cc,190 HP,175 km/h,10.8 sec,"$40,000 ",Petrol,7,240 Nm,2498.0,Large,190,Medium Power,40000.0,7,Media,210.52631578947367,5714.285714285715,16.01281024819856,20000.0,Mainstream,210.52631578947367,16.01281024819856
Nissan,Rogue Platinum,1.5L Turbo Inline-3,1497 cc,201 HP,180 km/h,8.2 sec,"$38,000 ",Petrol,5,300 Nm,1497.0,Medium,201,High Power,38000.0,5,Media,189.0547263681592,7600.0,25.384101536406146,19000.0,Mainstream,189.0547263681592,25.384101536406146
Nissan,Qashqai Tekna,1.3L Turbo Hybrid Inline-4,1332 cc,158 HP,190 km/h,9.2 sec,"$36,000 ",Hybrid,5,270 Nm,1332.0,Medium,158,Medium Power,36000.0,5,Media,227.84810126582278,7200.0,27.027027027027028,18000.0,Mainstream,227.84810126582278,27.027027027027028
Nissan,GT-R V-Spec,3.8L Twin-Turbo V6,3799 cc,600 HP,330 km/h,2.8 sec,"$175,000 ",Petrol,2,652 Nm,3799.0,Extra Large,600,Very High Power,175000.0,2,Alta,291.6666666666667,87500.0,46.064753882600684,58333.333333333336,Mainstream,291.6666666666667,46.064753882600684
Nissan,Skyline NISMO,3.0L Twin-Turbo V6,2997 cc,420 HP,270 km/h,4.7 sec,"$55,000 ",Petrol,5,475 Nm,2997.0,Extra Large,420,Very High Power,55000.0,5,Media,130.95238095238096,11000.0,18.351685018351684,27500.0,Mainstream,130.95238095238096,18.351685018351684
Nissan,Ariya Lounge Edition,Dual Electric Motors,87 kWh,389 HP,200 km/h,5.1 sec,"$63,000 ",Electric,5,600 Nm,87.0,Small,389,Very High Power,63000.0,5,Alta,161.95372750642673,12600.0,724.1379310344828,21000.0,Mainstream,161.95372750642673,724.1379310344828
Nissan,Patrol Titanium,5.6L V8,5552 cc,428 HP,210 km/h,6.5 sec,"$98,000 ",Petrol,7,560 Nm,5552.0,Extra Large,428,Very High Power,98000.0,7,Media,228.97196261682242,14000.0,17.65129682997118,49000.0,Mainstream,228.97196261682242,17.65129682997118
Nissan,Infiniti FX50*,5.0L V8,5026 cc,390 HP,250 km/h,5.6 sec,"$61,750 ",Petrol,5,500 Nm,5026.0,Extra Large,390,Very High Power,61750.0,5,Media,158.33333333333334,12350.0,12.286112216474333,30875.0,Mainstream,158.33333333333334,12.286112216474333
Nissan,Avenir,2.0L Inline-4,1998 cc,140 HP,180 km/h,9.8 sec,"$20,000 ",Petrol,5,186 Nm,1998.0,Large,140,Medium Power,20000.0,5,Media,142.85714285714286,4000.0,10.01001001001001,10000.0,Mainstream,142.85714285714286,10.01001001001001
Nissan,Wingroad,1.8L Inline-4,1798 cc,125 HP,175 km/h,10.8 sec,"$18,000 ",Petrol,5,168 Nm,1798.0,Large,125,Medium Power,18000.0,5,Media,144.0,3600.0,10.011123470522802,9000.0,Mainstream,144.0,10.011123470522802
Nissan,Presea,1.8L Inline-4,1838 cc,115 HP,170 km/h,11.5 sec,"$17,500 ",Petrol,5,161 Nm,1838.0,Large,115,Medium Power,17500.0,5,Media,152.17391304347825,3500.0,9.521218715995648,8750.0,Mainstream,152.17391304347825,9.521218715995648
Nissan,Leopard,3.0L V6,2960 cc,210 HP,200 km/h,8.4 sec,"$32,000 ",Petrol,5,265 Nm,2960.0,Extra Large,210,High Power,32000.0,5,Media,152.38095238095238,6400.0,10.81081081081081,16000.0,Mainstream,152.38095238095238,10.81081081081081
Nissan,Sunny NISMO Edition,1.6L Turbo Inline-4,1598 cc,190 HP,200 km/h,7.5 sec,"$24,000 ",Petrol,5,240 Nm,1598.0,Medium,190,Medium Power,24000.0,5,Media,126.3157894736842,4800.0,15.018773466833542,12000.0,Mainstream,126.3157894736842,15.018773466833542
Nissan,Paladin,2.4L Inline-4,2438 cc,150 HP,180 km/h,10.6 sec,"$20,000 ",Petrol,5,217 Nm,2438.0,Large,150,Medium Power,20000.0,5,Media,133.33333333333334,4000.0,8.203445447087777,10000.0,Mainstream,133.33333333333334,8.203445447087777
Nissan,Hardbody SUV,2.5L Inline-4,2498 cc,158 HP,175 km/h,11.0 sec,"$18,500 ",Petrol,5,225 Nm,2498.0,Large,158,Medium Power,18500.0,5,Media,117.0886075949367,3700.0,7.405924739791834,9250.0,Mainstream,117.0886075949367,7.405924739791834
Nissan,Patrol Desert Edition,5.6L V8,5552 cc,428 HP,210 km/h,6.5 sec,"$95,000 ",Petrol,7,560 Nm,5552.0,Extra Large,428,Very High Power,95000.0,7,Media,221.9626168224299,13571.42857142857,17.110951008645532,47500.0,Mainstream,221.9626168224299,17.110951008645532
Nissan,Pathfinder Armada,5.6L V8,5552 cc,400 HP,200 km/h,6.5 sec,"$60,000 ",Petrol,7,560 Nm,5552.0,Extra Large,400,Very High Power,60000.0,7,Media,150.0,8571.42857142857,10.806916426512968,30000.0,Mainstream,150.0,10.806916426512968
Nissan,Rogue Midnight Edition,1.5L Turbo Inline-3,1497 cc,201 HP,180 km/h,8.2 sec,"$39,000 ",Petrol,5,300 Nm,1497.0,Medium,201,High Power,39000.0,5,Media,194.02985074626866,7800.0,26.052104208416832,19500.0,Mainstream,194.02985074626866,26.052104208416832
Nissan,GT-R Black Edition,3.8L Twin-Turbo V6,3799 cc,600 HP,330 km/h,2.8 sec,"$185,000 ",Petrol,2,652 Nm,3799.0,Extra Large,600,Very High Power,185000.0,2,Alta,308.3333333333333,92500.0,48.69702553303501,61666.666666666664,Mainstream,308.3333333333333,48.69702553303501
Nissan,Fairlady Z Heritage,3.0L Twin-Turbo V6,2997 cc,400 HP,250 km/h,4.2 sec,"$48,000 ",Petrol,2,475 Nm,2997.0,Extra Large,400,Very High Power,48000.0,2,Media,120.0,24000.0,16.016016016016017,24000.0,Mainstream,120.0,16.016016016016017
Nissan,Skyline GT-R R34,2.6L Twin-Turbo Inline-6,2568 cc,276 HP,250 km/h,5.6 sec,"$70,000 ",Petrol,4,392 Nm,2568.0,Extra Large,276,High Power,70000.0,4,Media,253.6231884057971,17500.0,27.258566978193148,35000.0,Mainstream,253.6231884057971,27.258566978193148
Nissan,Ariya Premiere,Dual Electric Motors,87 kWh,389 HP,200 km/h,5.1 sec,"$67,000 ",Electric,5,600 Nm,87.0,Small,389,Very High Power,67000.0,5,Alta,172.23650385604114,13400.0,770.1149425287356,22333.333333333332,Mainstream,172.23650385604114,770.1149425287356
Nissan,Infiniti QX55*,2.0L VC-Turbo Inline-4,1997 cc,268 HP,230 km/h,6.5 sec,"$50,000 ",Petrol,5,380 Nm,1997.0,Large,268,High Power,50000.0,5,Media,186.56716417910448,10000.0,25.03755633450175,25000.0,Mainstream,186.56716417910448,25.03755633450175
Nissan,NV350 Caravan,2.5L Inline-4 Diesel,2488 cc,129 HP,155 km/h,12.5 sec,"$28,000 ",Diesel,8,356 Nm,2488.0,Large,129,Medium Power,28000.0,8,Media,217.05426356589146,3500.0,11.254019292604502,14000.0,Mainstream,217.05426356589146,11.254019292604502
Nissan,Navara,2.3L Inline-4 Diesel,2298 cc,190 HP,180 km/h,10.2 sec,"$32,000 ",Diesel,5,450 Nm,2298.0,Large,190,Medium Power,32000.0,5,Media,168.42105263157896,6400.0,13.92515230635335,16000.0,Mainstream,168.42105263157896,13.92515230635335
Nissan,Titan XD,5.6L V8,5552 cc,400 HP,195 km/h,6.9 sec,"$55,000 ",Petrol,6,560 Nm,5552.0,Extra Large,400,Very High Power,55000.0,6,Media,137.5,9166.666666666666,9.906340057636887,27500.0,Mainstream,137.5,9.906340057636887
Nissan,Evalia,1.5L Inline-4 Diesel,1461 cc,85 HP,140 km/h,15.0 sec,"$25,000 ",Diesel,7,200 Nm,1461.0,Medium,85,Low Power,25000.0,7,Media,294.11764705882354,3571.4285714285716,17.111567419575632,12500.0,Mainstream,294.11764705882354,17.111567419575632
Nissan,Cabstar,2.5L Inline-4 Diesel,2488 cc,130 HP,145 km/h,14.8 sec,"$27,000 ",Diesel,3,350 Nm,2488.0,Large,130,Medium Power,27000.0,3,Media,207.69230769230768,9000.0,10.85209003215434,13500.0,Mainstream,207.69230769230768,10.85209003215434
Nissan,Cherry,1.4L Inline-4,1397 cc,67 HP,145 km/h,14.0 sec,"$14,000 ",Petrol,5,110 Nm,1397.0,Medium,67,Low Power,14000.0,5,Baja,208.955223880597,2800.0,10.021474588403722,14000.0,Mainstream,208.955223880597,10.021474588403722
Nissan,Laurel,2.8L Inline-6 Diesel,2825 cc,94 HP,160 km/h,12.5 sec,"$22,000 ",Diesel,5,184 Nm,2825.0,Extra Large,94,Low Power,22000.0,5,Baja,234.04255319148936,4400.0,7.787610619469026,22000.0,Mainstream,234.04255319148936,7.787610619469026
Nissan,Silvia,2.0L Turbo Inline-4,1998 cc,247 HP,235 km/h,5.9 sec,"$45,000 ",Petrol,4,275 Nm,1998.0,Large,247,High Power,45000.0,4,Media,182.18623481781376,11250.0,22.52252252252252,22500.0,Mainstream,182.18623481781376,22.52252252252252
Nissan,NX Coupe,2.0L Inline-4,1998 cc,140 HP,200 km/h,9.0 sec,"$22,000 ",Petrol,4,180 Nm,1998.0,Large,140,Medium Power,22000.0,4,Media,157.14285714285714,5500.0,11.01101101101101,11000.0,Mainstream,157.14285714285714,11.01101101101101
Nissan,AD Wagon,1.5L Inline-4,1498 cc,105 HP,165 km/h,12.3 sec,"$16,000 ",Petrol,5,150 Nm,1498.0,Medium,105,Medium Power,16000.0,5,Media,152.38095238095238,3200.0,10.68090787716956,8000.0,Mainstream,152.38095238095238,10.68090787716956
Nissan,Patrol Super Safari Y61,4.8L Inline-6,4750 cc,280 HP,190 km/h,8.2 sec,"$58,000 ",Petrol,7,451 Nm,4750.0,Extra Large,280,High Power,58000.0,7,Media,207.14285714285714,8285.714285714286,12.210526315789474,29000.0,Mainstream,207.14285714285714,12.210526315789474
Nissan,Pathfinder Rock Creek Edition,3.5L V6,3498 cc,284 HP,195 km/h,7.2 sec,"$44,000 ",Petrol,7,351 Nm,3498.0,Extra Large,284,High Power,44000.0,7,Media,154.92957746478874,6285.714285714285,12.578616352201259,22000.0,Mainstream,154.92957746478874,12.578616352201259
Nissan,Terrano II,2.7L Inline-4 Diesel,2664 cc,125 HP,160 km/h,12.9 sec,"$28,000 ",Diesel,5,278 Nm,2664.0,Extra Large,125,Medium Power,28000.0,5,Baja,224.0,5600.0,10.51051051051051,28000.0,Mainstream,224.0,10.51051051051051
Nissan,Murano CrossCabriolet,3.5L V6,3498 cc,260 HP,195 km/h,7.6 sec,"$47,000 ",Petrol,4,325 Nm,3498.0,Extra Large,260,High Power,47000.0,4,Media,180.76923076923077,11750.0,13.43624928530589,23500.0,Mainstream,180.76923076923077,13.43624928530589
Nissan,X-Trail Tekna,1.5L Turbo Hybrid,1497 cc,204 HP,190 km/h,8.0 sec,"$43,000 ",Hybrid,5,305 Nm,1497.0,Medium,204,High Power,43000.0,5,Media,210.7843137254902,8600.0,28.724114896459586,21500.0,Mainstream,210.7843137254902,28.724114896459586
Nissan,GT-R LM NISMO,3.0L Twin-Turbo V6 Hybrid,3000 cc,500 HP,320 km/h,3.0 sec,"$600,000 ",Hybrid,2,650 Nm,3000.0,Extra Large,500,Very High Power,600000.0,2,Alta,1200.0,300000.0,200.0,200000.0,Mainstream,1200.0,200.0
Nissan,Skyline 400R,3.0L Twin-Turbo V6,2997 cc,400 HP,250 km/h,4.5 sec,"$70,000 ",Petrol,5,475 Nm,2997.0,Extra Large,400,Very High Power,70000.0,5,Media,175.0,14000.0,23.35669002335669,35000.0,Mainstream,175.0,23.35669002335669
Nissan,Infiniti G37*,3.7L V6,3696 cc,328 HP,250 km/h,5.5 sec,"$42,000 ",Petrol,5,365 Nm,3696.0,Extra Large,328,Very High Power,42000.0,5,Media,128.0487804878049,8400.0,11.363636363636363,21000.0,Mainstream,128.0487804878049,11.363636363636363
Nissan,Patrol Black Edition,5.6L V8,5552 cc,400 HP,200 km/h,6.5 sec,"$85,000 ",Petrol,7,560 Nm,5552.0,Extra Large,400,Very High Power,85000.0,7,Media,212.5,12142.857142857143,15.309798270893372,42500.0,Mainstream,212.5,15.309798270893372
Nissan,Ariya Empower+,Dual Electric Motors,87 kWh,389 HP,200 km/h,5.1 sec,"$68,000 ",Electric,5,600 Nm,87.0,Small,389,Very High Power,68000.0,5,Alta,174.80719794344472,13600.0,781.6091954022988,22666.666666666668,Mainstream,174.80719794344472,781.6091954022988
Nissan,Datsun 510 (Classic),1.6L Inline-4,1595 cc,96 HP,175 km/h,10.2 sec,"$25,000 ",Petrol,4,135 Nm,1595.0,Medium,96,Low Power,25000.0,4,Media,260.4166666666667,6250.0,15.67398119122257,12500.0,Mainstream,260.4166666666667,15.67398119122257
Nissan,200SX,2.0L Turbo Inline-4,1998 cc,200 HP,240 km/h,7.2 sec,"$30,000 ",Petrol,4,265 Nm,1998.0,Large,200,High Power,30000.0,4,Media,150.0,7500.0,15.015015015015015,15000.0,Mainstream,150.0,15.015015015015015
Nissan,300ZX,3.0L Twin-Turbo V6,2960 cc,300 HP,250 km/h,5.9 sec,"$50,000 ",Petrol,4,384 Nm,2960.0,Extra Large,300,Very High Power,50000.0,4,Media,166.66666666666666,12500.0,16.89189189189189,25000.0,Mainstream,166.66666666666666,16.89189189189189
Nissan,R390 GT1 Road Car,3.5L Twin-Turbo V8,3495 cc,550 HP,354 km/h,3.3 sec,"$1,000,000 ",Petrol,2,637 Nm,3495.0,Extra Large,550,Very High Power,1000000.0,2,Alta,1818.1818181818182,500000.0,286.1230329041488,333333.3333333333,Mainstream,1818.1818181818182,286.1230329041488
Nissan,Figaro,1.0L Turbo Inline-4,987 cc,76 HP,170 km/h,12.8 sec,"$20,000 ",Petrol,4,103 Nm,987.0,Small,76,Low Power,20000.0,4,Media,263.1578947368421,5000.0,20.26342451874367,10000.0,Mainstream,263.1578947368421,20.26342451874367
Nissan,Hardbody Truck,2.4L Inline-4,2389 cc,134 HP,160 km/h,10.6 sec,"$25,000 ",Petrol,5,206 Nm,2389.0,Large,134,Medium Power,25000.0,5,Media,186.56716417910448,5000.0,10.464629552113855,12500.0,Mainstream,186.56716417910448,10.464629552113855
Nissan,Atlas,3.0L Inline-4 Diesel,2999 cc,130 HP,130 km/h,18.0 sec,"$35,000 ",Diesel,3,300 Nm,2999.0,Extra Large,130,Medium Power,35000.0,3,Baja,269.2307692307692,11666.666666666666,11.670556852284095,35000.0,Mainstream,269.2307692307692,11.670556852284095
Nissan,Clipper,660cc Inline-3,659 cc,48 HP,110 km/h,18.5 sec,"$10,000 ",Petrol,4,62 Nm,659.0,Small,48,Low Power,10000.0,4,Media,208.33333333333334,2500.0,15.174506828528072,5000.0,Mainstream,208.33333333333334,15.174506828528072
Nissan,NV200,2.0L Inline-4,1998 cc,131 HP,140 km/h,14.0 sec,"$28,000 ",Petrol,7,188 Nm,1998.0,Large,131,Medium Power,28000.0,7,Media,213.74045801526717,4000.0,14.014014014014014,14000.0,Mainstream,213.74045801526717,14.014014014014014
Nissan,Violet,1.8L Inline-4,1770 cc,85 HP,155 km/h,13.8 sec,"$18,000 ",Petrol,5,130 Nm,1770.0,Large,85,Low Power,18000.0,5,Baja,211.76470588235293,3600.0,10.169491525423728,18000.0,Mainstream,211.76470588235293,10.169491525423728
Nissan,Bluebird Z,2.0L Inline-4,1998 cc,140 HP,190 km/h,11.0 sec,"$23,000 ",Petrol,5,180 Nm,1998.0,Large,140,Medium Power,23000.0,5,Media,164.28571428571428,4600.0,11.511511511511511,11500.0,Mainstream,164.28571428571428,11.511511511511511
Nissan,Stanza Wagon,2.4L Inline-4,2389 cc,138 HP,160 km/h,12.0 sec,"$22,000 ",Petrol,7,205 Nm,2389.0,Large,138,Medium Power,22000.0,7,Media,159.42028985507247,3142.8571428571427,9.208874005860192,11000.0,Mainstream,159.42028985507247,9.208874005860192
Nissan,180SX,2.0L Turbo Inline-4,1998 cc,205 HP,240 km/h,6.8 sec,"$35,000 ",Petrol,4,275 Nm,1998.0,Large,205,High Power,35000.0,4,Media,170.73170731707316,8750.0,17.51751751751752,17500.0,Mainstream,170.73170731707316,17.51751751751752
Nissan,Sunny California,1.6L Inline-4,1597 cc,110 HP,170 km/h,11.0 sec,"$18,000 ",Petrol,5,140 Nm,1597.0,Medium,110,Medium Power,18000.0,5,Media,163.63636363636363,3600.0,11.271133375078271,9000.0,Mainstream,163.63636363636363,11.271133375078271
Nissan,Patrol Warrior,5.6L V8,5552 cc,428 HP,205 km/h,6.3 sec,"$95,000 ",Petrol,7,580 Nm,5552.0,Extra Large,428,Very High Power,95000.0,7,Media,221.9626168224299,13571.42857142857,17.110951008645532,47500.0,Mainstream,221.9626168224299,17.110951008645532
Nissan,Pathfinder Armada Platinum,5.6L V8,5552 cc,400 HP,190 km/h,6.8 sec,"$70,000 ",Petrol,7,560 Nm,5552.0,Extra Large,400,Very High Power,70000.0,7,Media,175.0,10000.0,12.60806916426513,35000.0,Mainstream,175.0,12.60806916426513
Nissan,Rogue Sport SL,2.0L Inline-4,1998 cc,141 HP,190 km/h,9.0 sec,"$32,000 ",Petrol,5,195 Nm,1998.0,Large,141,Medium Power,32000.0,5,Media,226.95035460992906,6400.0,16.016016016016017,16000.0,Mainstream,226.95035460992906,16.016016016016017
Nissan,X-Trail Platinum Edition,1.5L Turbo Hybrid,1497 cc,204 HP,190 km/h,8.0 sec,"$46,000 ",Hybrid,5,305 Nm,1497.0,Medium,204,High Power,46000.0,5,Media,225.49019607843138,9200.0,30.72812291249165,23000.0,Mainstream,225.49019607843138,30.72812291249165
Nissan,Qashqai e-Power,1.5L Hybrid,1497 cc,187 HP,200 km/h,7.5 sec,"$40,000 ",Hybrid,5,330 Nm,1497.0,Medium,187,Medium Power,40000.0,5,Media,213.90374331550802,8000.0,26.720106880427522,20000.0,Mainstream,213.90374331550802,26.720106880427522
Nissan,GT-R Egoist,3.8L Twin-Turbo V6,3799 cc,565 HP,315 km/h,2.8 sec,"$220,000 ",Petrol,2,637 Nm,3799.0,Extra Large,565,Very High Power,220000.0,2,Media,389.3805309734513,110000.0,57.90997630955515,110000.0,Mainstream,389.3805309734513,57.90997630955515
Nissan,Infiniti M45*,4.5L V8,4494 cc,325 HP,250 km/h,5.8 sec,"$50,000 ",Petrol,5,451 Nm,4494.0,Extra Large,325,Very High Power,50000.0,5,Media,153.84615384615384,10000.0,11.125945705384957,25000.0,Mainstream,153.84615384615384,11.125945705384957
Nissan,Skyline 50th Anniversary,3.0L Twin-Turbo V6,2997 cc,400 HP,250 km/h,4.5 sec,"$75,000 ",Petrol,5,475 Nm,2997.0,Extra Large,400,Very High Power,75000.0,5,Media,187.5,15000.0,25.025025025025027,37500.0,Mainstream,187.5,25.025025025025027
Nissan,Ariya Dual Motor AWD,Dual Electric Motors,87 kWh,389 HP,200 km/h,5.1 sec,"$70,000 ",Electric,5,600 Nm,87.0,Small,389,Very High Power,70000.0,5,Alta,179.94858611825194,14000.0,804.5977011494252,23333.333333333332,Mainstream,179.94858611825194,804.5977011494252
Nissan,Patrol Legend Edition,5.6L V8,5552 cc,428 HP,205 km/h,6.3 sec,"$95,000 ",Petrol,7,580 Nm,5552.0,Extra Large,428,Very High Power,95000.0,7,Media,221.9626168224299,13571.42857142857,17.110951008645532,47500.0,Mainstream,221.9626168224299,17.110951008645532
Nissan,Datsun 240Z (Classic),2.4L Inline-6,2393 cc,151 HP,210 km/h,8.0 sec,"$45,000 ",Petrol,2,198 Nm,2393.0,Large,151,Medium Power,45000.0,2,Media,298.0132450331126,22500.0,18.80484747179273,22500.0,Mainstream,298.0132450331126,18.80484747179273
Nissan,100NX,1.6L Inline-4,1597 cc,110 HP,185 km/h,9.6 sec,"$18,000 ",Petrol,4,135 Nm,1597.0,Medium,110,Medium Power,18000.0,4,Media,163.63636363636363,4500.0,11.271133375078271,9000.0,Mainstream,163.63636363636363,11.271133375078271
Nissan,Cedric Special Edition,3.0L V6,2960 cc,250 HP,225 km/h,8.5 sec,"$60,000 ",Petrol,5,330 Nm,2960.0,Extra Large,250,High Power,60000.0,5,Media,240.0,12000.0,20.27027027027027,30000.0,Mainstream,240.0,20.27027027027027
Nissan,300ZX Turbo,3.0L Twin-Turbo V6,2960 cc,300 HP,250 km/h,5.9 sec,"$55,000 ",Petrol,4,384 Nm,2960.0,Extra Large,300,Very High Power,55000.0,4,Media,183.33333333333334,13750.0,18.58108108108108,27500.0,Mainstream,183.33333333333334,18.58108108108108
Nissan,Silvia S15 Spec-R,2.0L Turbo Inline-4,1998 cc,250 HP,240 km/h,5.6 sec,"$35,000 ",Petrol,4,300 Nm,1998.0,Large,250,High Power,35000.0,4,Media,140.0,8750.0,17.51751751751752,17500.0,Mainstream,140.0,17.51751751751752
Nissan,NV400,2.3L Inline-4 Diesel,2298 cc,135 HP,150 km/h,15.0 sec,"$40,000 ",Diesel,3,360 Nm,2298.0,Large,135,Medium Power,40000.0,3,Media,296.2962962962963,13333.333333333334,17.40644038294169,20000.0,Mainstream,296.2962962962963,17.40644038294169
Nissan,Titan Warrior,5.6L V8,5552 cc,400 HP,180 km/h,7.0 sec,"$55,000 ",Petrol,5,560 Nm,5552.0,Extra Large,400,Very High Power,55000.0,5,Media,137.5,11000.0,9.906340057636887,27500.0,Mainstream,137.5,9.906340057636887
Nissan,Caravan Coach,2.5L Inline-4 Diesel,2498 cc,127 HP,140 km/h,14.0 sec,"$30,000 ",Diesel,7,260 Nm,2498.0,Large,127,Medium Power,30000.0,7,Media,236.2204724409449,4285.714285714285,12.00960768614892,15000.0,Mainstream,236.2204724409449,12.00960768614892
Nissan,Serena e-Power,1.2L Hybrid,1198 cc,134 HP,160 km/h,12.0 sec,"$35,000 ",Hybrid,7,320 Nm,1198.0,Medium,134,Medium Power,35000.0,7,Media,261.1940298507463,5000.0,29.215358931552586,17500.0,Mainstream,261.1940298507463,29.215358931552586
Nissan,Elgrand,3.5L V6,3498 cc,280 HP,200 km/h,8.5 sec,"$50,000 ",Petrol,7,344 Nm,3498.0,Extra Large,280,High Power,50000.0,7,Media,178.57142857142858,7142.857142857143,14.29388221841052,25000.0,Mainstream,178.57142857142858,14.29388221841052
Nissan,Datsun 510,1.6L Inline-4,1595 cc,96 HP,175 km/h,10.2 sec,"$25,000 ",Petrol,4,135 Nm,1595.0,Medium,96,Low Power,25000.0,4,Media,260.4166666666667,6250.0,15.67398119122257,12500.0,Mainstream,260.4166666666667,15.67398119122257
Nissan,Prairie,2.0L Inline-4,1998 cc,120 HP,175 km/h,11.0 sec,"$18,000 ",Petrol,5,170 Nm,1998.0,Large,120,Medium Power,18000.0,5,Media,150.0,3600.0,9.00900900900901,9000.0,Mainstream,150.0,9.00900900900901
Nissan,Pulsar GTI-R,2.0L Turbo Inline-4,1998 cc,230 HP,225 km/h,6.0 sec,"$30,000 ",Petrol,5,280 Nm,1998.0,Large,230,High Power,30000.0,5,Media,130.43478260869566,6000.0,15.015015015015015,15000.0,Mainstream,130.43478260869566,15.015015015015015
Nissan,Almera Tino,1.8L Inline-4,1769 cc,114 HP,180 km/h,12.5 sec,"$15,000 ",Petrol,5,160 Nm,1769.0,Large,114,Medium Power,15000.0,5,Media,131.57894736842104,3000.0,8.479366873940078,7500.0,Mainstream,131.57894736842104,8.479366873940078
Nissan,Lucino,1.6L Inline-4,1597 cc,115 HP,185 km/h,10.5 sec,"$12,000 ",Petrol,5,150 Nm,1597.0,Medium,115,Medium Power,12000.0,5,Media,104.34782608695652,2400.0,7.514088916718848,6000.0,Mainstream,104.34782608695652,7.514088916718848
Nissan,Rasheen,1.5L Inline-4,1497 cc,105 HP,165 km/h,13.0 sec,"$10,000 ",Petrol,5,135 Nm,1497.0,Medium,105,Medium Power,10000.0,5,Media,95.23809523809524,2000.0,6.680026720106881,5000.0,Mainstream,95.23809523809524,6.680026720106881
Nissan,Mistral,2.7L Turbo Diesel,2663 cc,125 HP,160 km/h,12.5 sec,"$25,000 ",Diesel,7,260 Nm,2663.0,Extra Large,125,Medium Power,25000.0,7,Baja,200.0,3571.4285714285716,9.38790837401427,25000.0,Mainstream,200.0,9.38790837401427
Nissan,Patrol Y60,4.2L Inline-6,4169 cc,155 HP,160 km/h,12.0 sec,"$45,000 ",Diesel,7,330 Nm,4169.0,Extra Large,155,Medium Power,45000.0,7,Baja,290.3225806451613,6428.571428571428,10.79395538498441,45000.0,Mainstream,290.3225806451613,10.79395538498441
Nissan,X-Trail GT,2.0L Turbo Inline-4,1998 cc,280 HP,215 km/h,6.4 sec,"$38,000 ",Petrol,5,310 Nm,1998.0,Large,280,High Power,38000.0,5,Media,135.71428571428572,7600.0,19.01901901901902,19000.0,Mainstream,135.71428571428572,19.01901901901902
Nissan,Terrano Regulus,3.3L V6,3275 cc,170 HP,175 km/h,10.0 sec,"$28,000 ",Petrol,5,290 Nm,3275.0,Extra Large,170,Medium Power,28000.0,5,Media,164.7058823529412,5600.0,8.549618320610687,14000.0,Mainstream,164.7058823529412,8.549618320610687
Nissan,President,4.5L V8,4494 cc,280 HP,210 km/h,7.5 sec,"$70,000 ",Petrol,5,400 Nm,4494.0,Extra Large,280,High Power,70000.0,5,Media,250.0,14000.0,15.576323987538942,35000.0,Mainstream,250.0,15.576323987538942
Nissan,Cima,4.1L V8,4130 cc,270 HP,210 km/h,8.0 sec,"$60,000 ",Petrol,5,390 Nm,4130.0,Extra Large,270,High Power,60000.0,5,Media,222.22222222222223,12000.0,14.527845036319613,30000.0,Mainstream,222.22222222222223,14.527845036319613
Nissan,Leopard J. Ferie,3.0L V6 Turbo,2960 cc,255 HP,215 km/h,6.5 sec,"$45,000 ",Petrol,5,340 Nm,2960.0,Extra Large,255,High Power,45000.0,5,Media,176.47058823529412,9000.0,15.202702702702704,22500.0,Mainstream,176.47058823529412,15.202702702702704
Nissan,Gloria Gran Turismo,3.0L V6 Turbo,2960 cc,255 HP,220 km/h,6.5 sec,"$50,000 ",Petrol,5,340 Nm,2960.0,Extra Large,255,High Power,50000.0,5,Media,196.07843137254903,10000.0,16.89189189189189,25000.0,Mainstream,196.07843137254903,16.89189189189189
Nissan,Infiniti Q45*,4.5L V8,4494 cc,340 HP,240 km/h,6.2 sec,"$50,000 ",Petrol,5,450 Nm,4494.0,Extra Large,340,Very High Power,50000.0,5,Media,147.05882352941177,10000.0,11.125945705384957,25000.0,Mainstream,147.05882352941177,11.125945705384957
Nissan,Datsun 240Z,2.4L Inline-6,2393 cc,151 HP,210 km/h,8.0 sec,"$45,000 ",Petrol,2,198 Nm,2393.0,Large,151,Medium Power,45000.0,2,Media,298.0132450331126,22500.0,18.80484747179273,22500.0,Mainstream,298.0132450331126,18.80484747179273
Nissan,280ZX,2.8L Inline-6,2753 cc,145 HP,205 km/h,9.5 sec,"$35,000 ",Petrol,2,210 Nm,2753.0,Extra Large,145,Medium Power,35000.0,2,Media,241.3793103448276,17500.0,12.713403559752997,17500.0,Mainstream,241.3793103448276,12.713403559752997
Nissan,Silvia S13,1.8L Turbo Inline-4,1809 cc,175 HP,215 km/h,6.8 sec,"$20,000 ",Petrol,4,230 Nm,1809.0,Large,175,Medium Power,20000.0,4,Media,114.28571428571429,5000.0,11.055831951354339,10000.0,Mainstream,114.28571428571429,11.055831951354339
Nissan,200SX,2.0L Turbo Inline-4,1998 cc,200 HP,225 km/h,7.0 sec,"$25,000 ",Petrol,4,260 Nm,1998.0,Large,200,High Power,25000.0,4,Media,125.0,6250.0,12.512512512512513,12500.0,Mainstream,125.0,12.512512512512513
Nissan,NX Coupe,1.8L Inline-4,1839 cc,140 HP,200 km/h,9.0 sec,"$18,000 ",Petrol,4,180 Nm,1839.0,Large,140,Medium Power,18000.0,4,Media,128.57142857142858,4500.0,9.787928221859707,9000.0,Mainstream,128.57142857142858,9.787928221859707
Nissan,NV2500,4.0L V6,3954 cc,261 HP,160 km/h,10.0 sec,"$36,000 ",Petrol,2,385 Nm,3954.0,Extra Large,261,High Power,36000.0,2,Media,137.93103448275863,18000.0,9.104704097116844,18000.0,Mainstream,137.93103448275863,9.104704097116844
Nissan,NV3500,5.6L V8,5552 cc,375 HP,170 km/h,9.0 sec,"$42,000 ",Petrol,2,525 Nm,5552.0,Extra Large,375,Very High Power,42000.0,2,Media,112.0,21000.0,7.564841498559078,21000.0,Mainstream,112.0,7.564841498559078
Nissan,NT400 Cabstar,3.0L Inline-4 Diesel,2953 cc,150 HP,140 km/h,15.0 sec,"$35,000 ",Diesel,3,350 Nm,2953.0,Extra Large,150,Medium Power,35000.0,3,Media,233.33333333333334,11666.666666666666,11.852353538774128,17500.0,Mainstream,233.33333333333334,11.852353538774128
Porsche,Panamera,2.9L V6 Twin Turbo,2894 cc,330 HP,270 km/h,5.6 sec,"$88,000 ",Petrol,4,450 Nm,2894.0,Extra Large,330,Very High Power,88000.0,4,Media,266.6666666666667,22000.0,30.407740152038702,44000.0,Luxury,88.88888888888889,10.1359133840129
Porsche,Panamera 4,2.9L V6 Twin Turbo,2894 cc,330 HP,270 km/h,5.4 sec,"$92,000 ",Petrol,4,450 Nm,2894.0,Extra Large,330,Very High Power,92000.0,4,Media,278.7878787878788,23000.0,31.78991015894955,46000.0,Luxury,92.92929292929293,10.596636719649851
Porsche,Panamera 4S,2.9L V6 Twin Turbo,2894 cc,440 HP,289 km/h,4.4 sec,"$105,000 ",Petrol,4,550 Nm,2894.0,Extra Large,440,Very High Power,105000.0,4,Alta,238.63636363636363,26250.0,36.281962681409816,35000.0,Luxury,79.54545454545455,12.093987560469937
Porsche,Panamera Turbo S,4.0L V8 Twin Turbo,3996 cc,620 HP,315 km/h,3.1 sec,"$180,000 ",Petrol,4,820 Nm,3996.0,Extra Large,620,Very High Power,180000.0,4,Alta,290.3225806451613,45000.0,45.04504504504504,60000.0,Luxury,96.7741935483871,15.015015015015015
Porsche,Panamera GTS,4.0L V8 Twin Turbo,3996 cc,473 HP,300 km/h,3.9 sec,"$130,000 ",Petrol,4,620 Nm,3996.0,Extra Large,473,Very High Power,130000.0,4,Media,274.8414376321353,32500.0,32.532532532532535,65000.0,Luxury,91.6138125440451,10.844177510844178
Porsche,Panamera Platinum Edition,2.9L V6 Twin Turbo,2894 cc,330 HP,270 km/h,5.4 sec,"$102,000 ",Petrol,4,450 Nm,2894.0,Extra Large,330,Very High Power,102000.0,4,Media,309.09090909090907,25500.0,35.245335176226675,51000.0,Luxury,103.03030303030303,11.748445058742226
Porsche,Panamera E-Hybrid,2.9L V6 + Electric Motor,17.9 kWh Battery,455 HP,280 km/h,4.4 sec,"$115,000 ",Hybrid (Petrol),4,700 Nm,17.9,Small,455,Very High Power,115000.0,4,Alta,252.74725274725276,28750.0,6424.581005586592,38333.333333333336,Luxury,84.24908424908425,2141.5270018621977
Porsche,Panamera 4 E-Hybrid Sport Turismo,2.9L V6 + Electric Motor,17.9 kWh Battery,455 HP,280 km/h,4.4 sec,"$120,000 ",Hybrid (Petrol),4,700 Nm,17.9,Small,455,Very High Power,120000.0,4,Alta,263.7362637362637,30000.0,6703.91061452514,40000.0,Luxury,87.91208791208791,2234.63687150838
Porsche,Panamera Turbo S E-Hybrid,4.0L V8 + Electric Motor,17.9 kWh Battery,690 HP,315 km/h,3.2 sec,"$190,000 ",Hybrid (Petrol),4,870 Nm,17.9,Small,690,Very High Power,190000.0,4,Alta,275.3623188405797,47500.0,10614.525139664805,63333.333333333336,Luxury,91.78743961352657,3538.1750465549353
Porsche,Panamera 4 Executive,2.9L V6 Twin Turbo,2894 cc,330 HP,270 km/h,5.6 sec,"$95,000 ",Petrol,4,450 Nm,2894.0,Extra Large,330,Very High Power,95000.0,4,Media,287.8787878787879,23750.0,32.82653766413269,47500.0,Luxury,95.95959595959596,10.942179221377563
Porsche,Cayenne,3.0L V6 Turbo,2995 cc,335 HP,245 km/h,5.9 sec,"$80,000 ",Petrol,5,450 Nm,2995.0,Extra Large,335,Very High Power,80000.0,5,Media,238.80597014925374,16000.0,26.71118530884808,40000.0,Luxury,79.60199004975124,8.903728436282693
Porsche,Cayenne Coupe,3.0L V6 Turbo,2995 cc,335 HP,245 km/h,6.0 sec,"$85,000 ",Petrol,5,450 Nm,2995.0,Extra Large,335,Very High Power,85000.0,5,Media,253.73134328358208,17000.0,28.380634390651085,42500.0,Luxury,84.57711442786069,9.460211463550362
Porsche,Cayenne S,2.9L V6 Twin Turbo,2894 cc,434 HP,265 km/h,5.0 sec,"$95,000 ",Petrol,5,550 Nm,2894.0,Extra Large,434,Very High Power,95000.0,5,Media,218.89400921658986,19000.0,32.82653766413269,47500.0,Luxury,72.9646697388633,10.942179221377563
Porsche,Cayenne Turbo,4.0L V8 Twin Turbo,3996 cc,541 HP,286 km/h,4.0 sec,"$130,000 ",Petrol,5,770 Nm,3996.0,Extra Large,541,Very High Power,130000.0,5,Media,240.29574861367837,26000.0,32.532532532532535,65000.0,Luxury,80.09858287122613,10.844177510844178
Porsche,Cayenne GTS,4.0L V8 Twin Turbo,3996 cc,453 HP,270 km/h,4.5 sec,"$110,000 ",Petrol,5,620 Nm,3996.0,Extra Large,453,Very High Power,110000.0,5,Media,242.82560706401765,22000.0,27.52752752752753,55000.0,Luxury,80.94186902133922,9.175842509175842
Porsche,Cayenne Turbo S E-Hybrid,4.0L V8 + Electric Motor,17.9 kWh Battery,670 HP,295 km/h,3.6 sec,"$170,000 ",Hybrid (Petrol),5,900 Nm,17.9,Small,670,Very High Power,170000.0,5,Alta,253.73134328358208,34000.0,9497.206703910615,56666.666666666664,Luxury,84.57711442786069,3165.735567970205
Porsche,Macan,2.0L I4 Turbo,1984 cc,261 HP,232 km/h,6.2 sec,"$60,000 ",Petrol,5,400 Nm,1984.0,Large,261,High Power,60000.0,5,Media,229.88505747126436,12000.0,30.241935483870968,30000.0,Luxury,76.62835249042146,10.080645161290322
Porsche,Macan S,2.9L V6 Twin Turbo,2894 cc,375 HP,259 km/h,4.8 sec,"$75,000 ",Petrol,5,520 Nm,2894.0,Extra Large,375,Very High Power,75000.0,5,Media,200.0,15000.0,25.91568762957844,37500.0,Luxury,66.66666666666667,8.638562543192812
Porsche,Macan GTS,2.9L V6 Twin Turbo,2894 cc,434 HP,272 km/h,4.5 sec,"$85,000 ",Petrol,5,550 Nm,2894.0,Extra Large,434,Very High Power,85000.0,5,Media,195.85253456221199,17000.0,29.371112646855565,42500.0,Luxury,65.284178187404,9.790370882285188
Porsche,Macan T,2.0L I4 Turbo,1984 cc,261 HP,232 km/h,6.2 sec,"$65,000 ",Petrol,5,400 Nm,1984.0,Large,261,High Power,65000.0,5,Media,249.04214559386972,13000.0,32.76209677419355,32500.0,Luxury,83.01404853128992,10.920698924731182
Porsche,911 Carrera,3.0L Flat-6 Twin Turbo,2981 cc,379 HP,293 km/h,4.2 sec,"$110,000 ",Petrol,4,450 Nm,2981.0,Extra Large,379,Very High Power,110000.0,4,Media,290.23746701846966,27500.0,36.90036900369004,55000.0,Luxury,96.74582233948989,12.300123001230013
Porsche,911 Carrera S,3.0L Twin-Turbo Flat-6,2981 cc,443 hp,308 km/h,3.5,"$131,300 ",Petrol,4,528 Nm,2981.0,Extra Large,443,Very High Power,131300.0,4,Media,296.3882618510158,32825.0,44.045622274404565,65650.0,Luxury,98.79608728367194,14.681874091468188
Porsche,911 Carrera 4,3.0L Twin-Turbo Flat-6,2981 cc,379 hp,293 km/h,4.2,"$106,500 ",Petrol,4,450 Nm,2981.0,Extra Large,379,Very High Power,106500.0,4,Media,281.00263852242745,26625.0,35.726266353572626,53250.0,Luxury,93.66754617414249,11.908755451190876
Porsche,911 Carrera 4S,3.0L Twin-Turbo Flat-6,2981 cc,443 hp,306 km/h,3.4,"$113,300 ",Petrol,4,528 Nm,2981.0,Extra Large,443,Very High Power,113300.0,4,Media,255.75620767494357,28325.0,38.00738007380074,56650.0,Luxury,85.25206922498118,12.669126691266912
Porsche,911 Targa 4,3.0L Twin-Turbo Flat-6,2981 cc,379 hp,289 km/h,4.4,"$121,300 ",Petrol,4,450 Nm,2981.0,Extra Large,379,Very High Power,121300.0,4,Media,320.0527704485488,30325.0,40.6910432740691,60650.0,Luxury,106.68425681618294,13.563681091356369
Porsche,911 Turbo,3.8L Twin-Turbo Flat-6,3745 cc,572 hp,320 km/h,2.7,"$197,200 ",Petrol,4,750 Nm,3745.0,Extra Large,572,Very High Power,197200.0,4,Alta,344.75524475524475,49300.0,52.65687583444593,65733.33333333333,Luxury,114.91841491841492,17.55229194481531
Porsche,911 Turbo S,3.8L Twin-Turbo Flat-6,3745 cc,640 hp,330 km/h,2.6,"$230,400 ",Petrol,4,800 Nm,3745.0,Extra Large,640,Very High Power,230400.0,4,Alta,360.0,57600.0,61.52202937249666,76800.0,Luxury,120.0,20.507343124165555
Porsche,911 GT3,4.0L Naturally Aspirated Flat-6,3996 cc,502 hp,318 km/h,3.4,"$161,100 ",Petrol,2,469 Nm,3996.0,Extra Large,502,Very High Power,161100.0,2,Media,320.9163346613546,80550.0,40.31531531531532,80550.0,Luxury,106.97211155378486,13.438438438438439
Porsche,911 GT3 RS,4.0L Naturally Aspirated Flat-6,3996 cc,518 hp,296 km/h,3.2,"$241,300 ",Petrol,2,465 Nm,3996.0,Extra Large,518,Very High Power,241300.0,2,Media,465.83011583011586,120650.0,60.38538538538538,120650.0,Luxury,155.2767052767053,20.128461795128462
Porsche,911 Dakar,3.0L Twin-Turbo Flat-6,2981 cc,473 hp,240 km/h,3.4,"$222,000 ",Petrol,2,570 Nm,2981.0,Extra Large,473,Very High Power,222000.0,2,Alta,469.3446088794926,111000.0,74.47165380744717,74000.0,Luxury,156.44820295983087,24.823884602482387
Porsche,Taycan,Dual Electric Motors,79.2 kWh,402 hp,230 km/h,5.4,"$86,700 ",Electric,4,344 Nm,79.2,Small,402,Very High Power,86700.0,4,Alta,215.67164179104478,21675.0,1094.6969696969697,28900.0,Luxury,71.8905472636816,364.89898989898984
Porsche,Taycan 4S,Dual Electric Motors,79.2 kWh,522 hp,250 km/h,4,"$103,800 ",Electric,4,640 Nm,79.2,Small,522,Very High Power,103800.0,4,Alta,198.8505747126437,25950.0,1310.6060606060605,34600.0,Luxury,66.28352490421456,436.86868686868684
Porsche,Taycan Turbo,Dual Electric Motors,93.4 kWh,670 hp,260 km/h,3.2,"$150,900 ",Electric,4,850 Nm,93.4,Small,670,Very High Power,150900.0,4,Alta,225.22388059701493,37725.0,1615.6316916488222,50300.0,Luxury,75.07462686567165,538.543897216274
Porsche,Taycan Turbo S,Dual Electric Motors,93.4 kWh,750 hp,260 km/h,2.8,"$185,000 ",Electric,4,1050 Nm,93.4,Small,750,Very High Power,185000.0,4,Alta,246.66666666666666,46250.0,1980.728051391863,61666.666666666664,Luxury,82.22222222222223,660.2426837972876
Porsche,Taycan GTS,Dual Electric Motors,93.4 kWh,590 hp,250 km/h,3.5,"$132,750 ",Electric,4,850 Nm,93.4,Small,590,Very High Power,132750.0,4,Alta,225.0,33187.5,1421.306209850107,44250.0,Luxury,75.0,473.76873661670226
Porsche,Taycan Cross Turismo,Dual Electric Motors,93.4 kWh,469 hp,220 km/h,4.8,"$97,700 ",Electric,5,500 Nm,93.4,Small,469,Very High Power,97700.0,5,Alta,208.31556503198294,19540.0,1046.0385438972162,32566.666666666668,Luxury,69.43852167732764,348.67951463240536
Porsche,Taycan Sport Turismo,Dual Electric Motors,79.2 kWh,509 hp,240 km/h,4.1,"$104,000 ",Electric,5,650 Nm,79.2,Small,509,Very High Power,104000.0,5,Alta,204.3222003929273,20800.0,1313.1313131313132,34666.666666666664,Luxury,68.10740013097578,437.71043771043765
Porsche,718 Cayman,2.0L Turbocharged Flat-4,1988 cc,300 hp,275 km/h,4.9,"$63,400 ",Petrol,2,380 Nm,1988.0,Large,300,Very High Power,63400.0,2,Alta,211.33333333333334,31700.0,31.89134808853119,21133.333333333332,Luxury,70.44444444444444,10.630449362843729
Porsche,718 Cayman S,2.5L Turbocharged Flat-4,2497 cc,350 hp,285 km/h,4.4,"$75,400 ",Petrol,2,420 Nm,2497.0,Large,350,Very High Power,75400.0,2,Media,215.42857142857142,37700.0,30.196235482579095,37700.0,Luxury,71.80952380952381,10.065411827526365
Porsche,718 Cayman GT4,4.0L Naturally Aspirated Flat-6,3995 cc,414 hp,302 km/h,4.2,"$100,200 ",Petrol,2,420 Nm,3995.0,Extra Large,414,Very High Power,100200.0,2,Media,242.02898550724638,50100.0,25.081351689612013,50100.0,Luxury,80.67632850241546,8.360450563204004
Porsche,718 Cayman GT4 RS,4.0L Naturally Aspirated Flat-6,3996 cc,493 hp,315 km/h,3.2,"$141,700 ",Petrol,2,450 Nm,3996.0,Extra Large,493,Very High Power,141700.0,2,Media,287.4239350912779,70850.0,35.46046046046046,70850.0,Luxury,95.8079783637593,11.820153486820153
Porsche,718 Boxster,2.0L Turbo Flat-4,1988 cc,300 hp,275 km/h,4.9,"$65,500 ",Petrol,2,380 Nm,1988.0,Large,300,Very High Power,65500.0,2,Alta,218.33333333333334,32750.0,32.947686116700204,21833.333333333332,Luxury,72.77777777777777,10.982562038900067
Porsche,718 Boxster T,2.0L Turbo Flat-4,1988 cc,300 hp,275 km/h,4.7,"$69,600 ",Petrol,2,380 Nm,1988.0,Large,300,Very High Power,69600.0,2,Alta,232.0,34800.0,35.010060362173036,23200.0,Luxury,77.33333333333333,11.670020120724345
Porsche,718 Boxster GTS,4.0L Naturally Aspirated Flat-6,3995 cc,394 hp,293 km/h,4.3,"$90,300 ",Petrol,2,430 Nm,3995.0,Extra Large,394,Very High Power,90300.0,2,Media,229.18781725888326,45150.0,22.60325406758448,45150.0,Luxury,76.39593908629442,7.53441802252816
Porsche,718 Spyder,4.0L Naturally Aspirated Flat-6,3995 cc,414 hp,301 km/h,4.1,"$98,300 ",Petrol,2,420 Nm,3995.0,Extra Large,414,Very High Power,98300.0,2,Media,237.43961352657004,49150.0,24.60575719649562,49150.0,Luxury,79.14653784219001,8.20191906549854
Porsche,Panamera Base,2.9L Twin-Turbo V6,2894 cc,325 hp,265 km/h,5.6,"$92,300 ",Petrol,4,450 Nm,2894.0,Extra Large,325,Very High Power,92300.0,4,Media,284.0,23075.0,31.893572909467863,46150.0,Luxury,94.66666666666667,10.631190969822622
Porsche,Panamera 4 E-Hybrid,2.9L Twin-Turbo V6 + Electric Motor,2894 cc,462 hp,280 km/h,4.4,"$113,300 ",Hybrid,4,700 Nm,2894.0,Extra Large,462,Very High Power,113300.0,4,Alta,245.23809523809524,28325.0,39.14996544574983,37766.666666666664,Luxury,81.74603174603175,13.049988481916609
Porsche,Panamera 4 Sport Turismo,2.9L Twin-Turbo V6,2894 cc,325 hp,265 km/h,5.5,"$101,400 ",Petrol,4,450 Nm,2894.0,Extra Large,325,Very High Power,101400.0,4,Media,312.0,25350.0,35.03800967519005,50700.0,Luxury,104.0,11.679336558396683
Porsche,Panamera Turbo S E-Hybrid Sport Turismo,4.0L Twin-Turbo V8 + Electric Motor,3996 cc,690 hp,315 km/h,3.2,"$200,200 ",Hybrid,4,870 Nm,3996.0,Extra Large,690,Very High Power,200200.0,4,Alta,290.1449275362319,50050.0,50.1001001001001,66733.33333333333,Luxury,96.71497584541063,16.700033366700033
Porsche,Panamera 4S E-Hybrid Executive,2.9L Twin-Turbo V6 + Electric Motor,2894 cc,560 hp,295 km/h,3.7,"$128,900 ",Hybrid,4,750 Nm,2894.0,Extra Large,560,Very High Power,128900.0,4,Alta,230.17857142857142,32225.0,44.54042847270214,42966.666666666664,Luxury,76.72619047619048,14.846809490900714
Porsche,Panamera Platinum Edition,2.9L Twin-Turbo V6,2894 cc,325 hp,265 km/h,5.6,"$98,300 ",Petrol,4,450 Nm,2894.0,Extra Large,325,Very High Power,98300.0,4,Media,302.46153846153845,24575.0,33.96682791983414,49150.0,Luxury,100.82051282051282,11.322275973278046
Porsche,Panamera GTS Sport Turismo,4.0L Twin-Turbo V8,3996 cc,473 hp,300 km/h,3.9,"$136,900 ",Petrol,4,620 Nm,3996.0,Extra Large,473,Very High Power,136900.0,4,Media,289.4291754756871,34225.0,34.25925925925926,68450.0,Luxury,96.47639182522903,11.419753086419753
Porsche,Panamera Turbo Executive,4.0L Twin-Turbo V8,3996 cc,550 hp,306 km/h,3.8,"$175,200 ",Petrol,4,770 Nm,3996.0,Extra Large,550,Very High Power,175200.0,4,Media,318.54545454545456,43800.0,43.84384384384384,87600.0,Luxury,106.18181818181819,14.614614614614615
Porsche,Panamera Turbo S Exclusive Series,4.0L Twin-Turbo V8,3996 cc,570 hp,310 km/h,3.8,"$290,000 ",Petrol,4,800 Nm,3996.0,Extra Large,570,Very High Power,290000.0,4,Media,508.7719298245614,72500.0,72.57257257257257,145000.0,Luxury,169.5906432748538,24.190857524190857
Porsche,Panamera 4S ,2.9L Twin-Turbo V6,2894 cc,443 hp,289 km/h,4.1,"$105,000 ",Petrol,4,550 Nm,2894.0,Extra Large,443,Very High Power,105000.0,4,Alta,237.02031602708803,26250.0,36.281962681409816,35000.0,Luxury,79.00677200902935,12.093987560469937
Porsche,Macan Base,2.0L Turbo Inline-4,1984 cc,265 hp,232 km/h,6.4,"$58,000 ",Petrol,5,400 Nm,1984.0,Large,265,High Power,58000.0,5,Media,218.8679245283019,11600.0,29.233870967741936,29000.0,Luxury,72.95597484276729,9.744623655913978
Porsche,Macan T,2.0L Turbo Inline-4,1984 cc,265 hp,233 km/h,6.2,"$63,000 ",Petrol,5,400 Nm,1984.0,Large,265,High Power,63000.0,5,Media,237.73584905660377,12600.0,31.754032258064516,31500.0,Luxury,79.24528301886792,10.584677419354838
Porsche,Macan S,2.9L Twin-Turbo V6,2894 cc,375 hp,259 km/h,4.6,"$70,400 ",Petrol,5,520 Nm,2894.0,Extra Large,375,Very High Power,70400.0,5,Media,187.73333333333332,14080.0,24.32619212163096,35200.0,Luxury,62.577777777777776,8.10873070721032
Porsche,Macan GTS,2.9L Twin-Turbo V6,2894 cc,434 hp,272 km/h,4.3,"$82,900 ",Petrol,5,550 Nm,2894.0,Extra Large,434,Very High Power,82900.0,5,Media,191.01382488479263,16580.0,28.645473393227366,41450.0,Luxury,63.67127496159754,9.548491131075789
Porsche,Macan EV ,Dual Electric Motors,95 kWh,603 hp,240 km/h,4.0 sec,"$85,000 ",Electric,5,750 Nm,95.0,Small,603,Very High Power,85000.0,5,Alta,140.96185737976782,17000.0,894.7368421052631,28333.333333333332,Luxury,46.98728579325594,298.2456140350877
Porsche,Cayenne Base,3.0L Turbocharged V6,2995 cc,335 hp,245 km/h,5.9,"$72,200 ",Petrol,5,450 Nm,2995.0,Extra Large,335,Very High Power,72200.0,5,Media,215.52238805970148,14440.0,24.106844741235392,36100.0,Luxury,71.8407960199005,8.03561491374513
Porsche,Cayenne E-Hybrid,3.0L V6 + Electric Motor,2995 cc,455 hp,253 km/h,4.8,"$91,000 ",Hybrid,5,700 Nm,2995.0,Extra Large,455,Very High Power,91000.0,5,Alta,200.0,18200.0,30.38397328881469,30333.333333333332,Luxury,66.66666666666667,10.127991096271563
Porsche,Cayenne S Coupe,2.9L Twin-Turbo V6,2894 cc,434 hp,263 km/h,4.7,"$94,300 ",Petrol,4,550 Nm,2894.0,Extra Large,434,Very High Power,94300.0,4,Media,217.2811059907834,23575.0,32.58465791292329,47150.0,Luxury,72.42703533026113,10.861552637641097
Porsche,Cayenne Turbo GT,4.0L Twin-Turbo V8,3996 cc,631 hp,300 km/h,3.3,"$182,150 ",Petrol,4,850 Nm,3996.0,Extra Large,631,Very High Power,182150.0,4,Alta,288.6687797147385,45537.5,45.58308308308308,60716.666666666664,Luxury,96.2229265715795,15.194361027694361
Porsche,Cayenne Platinum Edition,3.0L Turbocharged V6,2995 cc,335 hp,245 km/h,5.8,"$79,000 ",Petrol,5,450 Nm,2995.0,Extra Large,335,Very High Power,79000.0,5,Media,235.82089552238807,15800.0,26.37729549248748,39500.0,Luxury,78.60696517412936,8.792431830829159
Porsche,Cayenne Turbo S E-Hybrid Coupe,4.0L Twin-Turbo V8 + Electric Motor,3996 cc,670 hp,295 km/h,3.6,"$167,800 ",Hybrid,4,900 Nm,3996.0,Extra Large,670,Very High Power,167800.0,4,Alta,250.44776119402985,41950.0,41.991991991991995,55933.333333333336,Luxury,83.48258706467662,13.99733066399733
Porsche,Cayenne GTS Coupe,4.0L Twin-Turbo V8,3996 cc,453 hp,270 km/h,4.5,"$111,200 ",Petrol,4,620 Nm,3996.0,Extra Large,453,Very High Power,111200.0,4,Media,245.4746136865342,27800.0,27.82782782782783,55600.0,Luxury,81.82487122884474,9.275942609275942
Porsche,Cayenne Diesel (Regional Markets),3.0L Turbo Diesel V6,2967 cc,262 hp,221 km/h,7.3,"$69,000 ",Diesel,5,580 Nm,2967.0,Extra Large,262,High Power,69000.0,5,Media,263.3587786259542,13800.0,23.25581395348837,34500.0,Luxury,87.78625954198473,7.751937984496124
Porsche,Cayenne S Hybrid,3.0L V6 + Electric Motor,2995 cc,380 hp,242 km/h,6.5,"$85,500 ",Hybrid,5,580 Nm,2995.0,Extra Large,380,Very High Power,85500.0,5,Media,225.0,17100.0,28.547579298831387,42750.0,Luxury,75.0,9.515859766277128
Porsche,Cayenne Coupe Turbo E-Hybrid,4.0L Twin-Turbo V8 + Electric Motor,3996 cc,728 hp,295 km/h,3.6,"$182,900 ",Hybrid,4,950 Nm,3996.0,Extra Large,728,Very High Power,182900.0,4,Alta,251.23626373626374,45725.0,45.770770770770774,60966.666666666664,Luxury,83.74542124542124,15.256923590256923
Porsche,Taycan Base,Dual Electric Motors,79.2 kWh,321 hp,230 km/h,5.4,"$86,700 ",Electric,4,345 Nm,79.2,Small,321,Very High Power,86700.0,4,Alta,270.0934579439252,21675.0,1094.6969696969697,28900.0,Luxury,90.03115264797508,364.89898989898984
Porsche,Taycan Cross Turismo 4,Dual Electric Motors,93.4 kWh,375 hp,240 km/h,5.1 sec,"$94,800 ",Electric,4,500 Nm,93.4,Small,375,Very High Power,94800.0,4,Alta,252.8,23700.0,1014.9892933618843,31600.0,Luxury,84.26666666666667,338.3297644539614
Porsche,Taycan Cross Turismo GTS,Dual Electric Motors,93.4 kWh,590 hp,250 km/h,3.8 sec,"$139,400 ",Electric,4,620 Nm,93.4,Small,590,Very High Power,139400.0,4,Alta,236.27118644067798,34850.0,1492.5053533190578,46466.666666666664,Luxury,78.75706214689265,497.5017844396859
Porsche,Taycan Sport Turismo Base,Dual Electric Motors,79.2 kWh,375 hp,230 km/h,5.4 sec,"$90,500 ",Electric,4,500 Nm,79.2,Small,375,Very High Power,90500.0,4,Alta,241.33333333333334,22625.0,1142.6767676767677,30166.666666666668,Luxury,80.44444444444444,380.89225589225583
Porsche,Taycan Sport Turismo GTS,Dual Electric Motors,93.4 kWh,590 hp,250 km/h,3.7 sec,"$136,700 ",Electric,4,620 Nm,93.4,Small,590,Very High Power,136700.0,4,Alta,231.6949152542373,34175.0,1463.5974304068523,45566.666666666664,Luxury,77.2316384180791,487.8658101356173
Porsche,Taycan Turbo S Cross Turismo,Dual Electric Motors,93.4 kWh,750 hp,260 km/h,2.9 sec,"$190,000 ",Electric,4,1050 Nm,93.4,Small,750,Very High Power,190000.0,4,Alta,253.33333333333334,47500.0,2034.2612419700213,63333.333333333336,Luxury,84.44444444444444,678.0870806566737
Porsche,911 Carrera Base,3.0L Twin-Turbo Flat-6,2981 cc,379 hp,293 km/h,4.2 sec,"$106,100 ",Petrol,4,450 Nm,2981.0,Extra Large,379,Very High Power,106100.0,4,Media,279.9472295514512,26525.0,35.592083193559205,53050.0,Luxury,93.31574318381706,11.864027731186402
Porsche,911 Carrera S Cabriolet,3.0L Twin-Turbo Flat-6,2981 cc,443 hp,304 km/h,3.9 sec,"$129,900 ",Petrol,4,530 Nm,2981.0,Extra Large,443,Very High Power,129900.0,4,Media,293.2279909706546,32475.0,43.5759812143576,64950.0,Luxury,97.74266365688487,14.525327071452534
Porsche,911 Carrera 4,3.0L Twin-Turbo Flat-6,2981 cc,379 hp,293 km/h,4.4 sec,"$113,300 ",Petrol,4,450 Nm,2981.0,Extra Large,379,Very High Power,113300.0,4,Media,298.94459102902374,28325.0,38.00738007380074,56650.0,Luxury,99.64819700967458,12.669126691266912
Porsche,911 Carrera 4 GTS,3.0L Twin-Turbo Flat-6,2981 cc,473 hp,311 km/h,3.3 sec,"$137,000 ",Petrol,4,570 Nm,2981.0,Extra Large,473,Very High Power,137000.0,4,Alta,289.64059196617336,34250.0,45.95773230459577,45666.666666666664,Luxury,96.54686398872445,15.319244101531924
Porsche,911 Targa 4 GTS,3.0L Twin-Turbo Flat-6,2981 cc,473 hp,307 km/h,3.5 sec,"$157,300 ",Petrol,4,570 Nm,2981.0,Extra Large,473,Very High Power,157300.0,4,Alta,332.5581395348837,39325.0,52.76752767527675,52433.333333333336,Luxury,110.85271317829458,17.589175891758916
Porsche,911 Turbo Cabriolet,3.8L Twin-Turbo Flat-6,3745 cc,572 hp,320 km/h,2.9 sec,"$184,100 ",Petrol,4,750 Nm,3745.0,Extra Large,572,Very High Power,184100.0,4,Alta,321.8531468531468,46025.0,49.1588785046729,61366.666666666664,Luxury,107.28438228438229,16.386292834890966
Porsche,911 Turbo S Coupe,3.8L Twin-Turbo Flat-6,3745 cc,640 hp,330 km/h,2.7 sec,"$207,000 ",Petrol,4,800 Nm,3745.0,Extra Large,640,Very High Power,207000.0,4,Alta,323.4375,51750.0,55.27369826435247,69000.0,Luxury,107.8125,18.42456608811749
Porsche,911 GT3 Touring,4.0L Naturally Aspirated Flat-6,3996 cc,502 hp,318 km/h,3.9 sec,"$170,000 ",Petrol,2,470 Nm,3996.0,Extra Large,502,Very High Power,170000.0,2,Media,338.64541832669323,85000.0,42.54254254254254,85000.0,Luxury,112.88180610889775,14.180847514180847
Porsche,911 GT3 RS Clubsport,4.0L Naturally Aspirated Flat-6,3996 cc,525 hp,296 km/h,3.2 sec,"$223,800 ",Petrol,2,465 Nm,3996.0,Extra Large,525,Very High Power,223800.0,2,Media,426.2857142857143,111900.0,56.006006006006004,111900.0,Luxury,142.0952380952381,18.66866866866867
Porsche,911 Dakar Limited Edition,3.0L Twin-Turbo Flat-6,2981 cc,473 hp,240 km/h,3.4 sec,"$222,000 ",Petrol,4,570 Nm,2981.0,Extra Large,473,Very High Power,222000.0,4,Alta,469.3446088794926,55500.0,74.47165380744717,74000.0,Luxury,156.44820295983087,24.823884602482387
Porsche,911 Carrera GTS Lightweight,3.0L Twin-Turbo Flat-6,2981 cc,473 hp,311 km/h,3.2 sec,"$145,300 ",Petrol,4,570 Nm,2981.0,Extra Large,473,Very High Power,145300.0,4,Alta,307.1881606765328,36325.0,48.742032874874205,48433.333333333336,Luxury,102.39605355884426,16.247344291624735
Porsche,911 Targa 4 Lightweight,3.0L Twin-Turbo Flat-6,2981 cc,379 hp,289 km/h,4.3 sec,"$135,500 ",Petrol,4,450 Nm,2981.0,Extra Large,379,Very High Power,135500.0,4,Media,357.5197889182058,33875.0,45.45454545454545,67750.0,Luxury,119.17326297273527,15.151515151515152
Porsche,911 Turbo Exclusive Series,3.8L Twin-Turbo Flat-6,3745 cc,607 hp,330 km/h,2.9 sec,"$258,000 ",Petrol,4,750 Nm,3745.0,Extra Large,607,Very High Power,258000.0,4,Alta,425.04118616144973,64500.0,68.89185580774365,86000.0,Luxury,141.68039538714993,22.96395193591455
Porsche,911 GT2 RS,3.8L Twin-Turbo Flat-6,3745 cc,700 hp,340 km/h,2.8 sec,"$293,200 ",Petrol,2,750 Nm,3745.0,Extra Large,700,Very High Power,293200.0,2,Alta,418.85714285714283,146600.0,78.29105473965286,97733.33333333333,Luxury,139.61904761904762,26.097018246550956
Porsche,911 GT3 Cup,4.0L Naturally Aspirated Flat-6,3996 cc,510 hp,290 km/h,3.4 sec,"$245,000 ",Petrol,1,470 Nm,3996.0,Extra Large,510,Very High Power,245000.0,1,Media,480.3921568627451,245000.0,61.311311311311314,122500.0,Luxury,160.13071895424838,20.437103770437105
Porsche,911 GT4 RS,4.0L Naturally Aspirated Flat-6,3996 cc,500 hp,315 km/h,3.4 sec,"$222,000 ",Petrol,2,450 Nm,3996.0,Extra Large,500,Very High Power,222000.0,2,Media,444.0,111000.0,55.55555555555556,111000.0,Luxury,148.0,18.51851851851852
Porsche,911 RSR (Motorsport Edition),4.2L Naturally Aspirated Flat-6,4194 cc,515 hp,296 km/h,3.1 sec,"$750,000 ",Petrol,1,480 Nm,4194.0,Extra Large,515,Very High Power,750000.0,1,Media,1456.3106796116506,750000.0,178.826895565093,375000.0,Luxury,485.43689320388347,59.60896518836433
Porsche,911 Sport Turismo,3.0L Twin-Turbo Flat-6,2981 cc,379 hp,293 km/h,4.4 sec,"$116,000 ",Petrol,4,450 Nm,2981.0,Extra Large,379,Very High Power,116000.0,4,Media,306.06860158311343,29000.0,38.91311640389131,58000.0,Luxury,102.02286719437116,12.971038801297103
Porsche,911 Turbo Cabriolet Lightweight,3.8L Twin-Turbo Flat-6,3745 cc,572 hp,318 km/h,3.0 sec,"$191,300 ",Petrol,4,750 Nm,3745.0,Extra Large,572,Very High Power,191300.0,4,Alta,334.44055944055947,47825.0,51.08144192256342,63766.666666666664,Luxury,111.48018648018648,17.02714730752114
Porsche,911 Dakar Sport,3.0L Twin-Turbo Flat-6,2981 cc,473 hp,240 km/h,3.5 sec,"$233,000 ",Petrol,4,570 Nm,2981.0,Extra Large,473,Very High Power,233000.0,4,Alta,492.600422832981,58250.0,78.16169070781616,77666.66666666667,Luxury,164.200140944327,26.05389690260539
Chevrolet,Spark,1.4L Inline-4 Gasoline,1400 cc,98 hp,180 km/h,10.7 sec,"$14,595 ",Petrol,5,127 Nm,1400.0,Medium,98,Low Power,14595.0,5,Media,148.92857142857142,2919.0,10.425,7297.5,Mainstream,148.92857142857142,10.425
Chevrolet,Sonic,1.4L Turbo Inline-4 Gasoline,1400 cc,138 hp,190 km/h,8.5 sec,"$16,720 ",Petrol,5,200 Nm,1400.0,Medium,138,Medium Power,16720.0,5,Media,121.15942028985508,3344.0,11.942857142857143,8360.0,Mainstream,121.15942028985508,11.942857142857143
Chevrolet,Malibu,1.5L Turbo Inline-4 Gasoline,1500 cc,160 hp,210 km/h,8.0 sec,"$25,000 ",Petrol,5,250 Nm,1500.0,Medium,160,Medium Power,25000.0,5,Media,156.25,5000.0,16.666666666666668,12500.0,Mainstream,156.25,16.666666666666668
Chevrolet,Camaro,2.0L Turbo Inline-4 Gasoline,2000 cc,275 hp,240 km/h,5.4 sec,"$26,400 ",Petrol,4,400 Nm,2000.0,Large,275,High Power,26400.0,4,Media,96.0,6600.0,13.2,13200.0,Mainstream,96.0,13.2
Chevrolet,Corvette,6.2L V8 Gasoline,6200 cc,495 hp,312 km/h,3.0 sec,"$65,895 ",Petrol,2,637 Nm,6200.0,Extra Large,495,Very High Power,65895.0,2,Media,133.12121212121212,32947.5,10.628225806451614,32947.5,Mainstream,133.12121212121212,10.628225806451614
Chevrolet,Traverse,3.6L V6 Gasoline,3600 cc,310 hp,210 km/h,7.0 sec,"$35,915 ",Petrol,7,360 Nm,3600.0,Extra Large,310,Very High Power,35915.0,7,Media,115.85483870967742,5130.714285714285,9.97638888888889,17957.5,Mainstream,115.85483870967742,9.97638888888889
Chevrolet,Equinox,1.5L Turbo Inline-4 Gasoline,1500 cc,170 hp,200 km/h,8.9 sec,"$26,600 ",Petrol,5,275 Nm,1500.0,Medium,170,Medium Power,26600.0,5,Media,156.47058823529412,5320.0,17.733333333333334,13300.0,Mainstream,156.47058823529412,17.733333333333334
Chevrolet,Blazer,3.6L V6 Gasoline,3600 cc,308 hp,220 km/h,6.6 sec,"$44,000 ",Petrol,5,366 Nm,3600.0,Extra Large,308,Very High Power,44000.0,5,Media,142.85714285714286,8800.0,12.222222222222221,22000.0,Mainstream,142.85714285714286,12.222222222222221
Chevrolet,Tahoe,5.3L V8 Gasoline,5300 cc,355 hp,200 km/h,7.5 sec,"$56,995 ",Petrol,7,519 Nm,5300.0,Extra Large,355,Very High Power,56995.0,7,Media,160.54929577464787,8142.142857142857,10.75377358490566,28497.5,Mainstream,160.54929577464787,10.75377358490566
Chevrolet,Suburban,5.3L V8 Gasoline,5300 cc,355 hp,190 km/h,7.6 sec,"$59,900 ",Petrol,8,519 Nm,5300.0,Extra Large,355,Very High Power,59900.0,8,Media,168.73239436619718,7487.5,11.30188679245283,29950.0,Mainstream,168.73239436619718,11.30188679245283
Chevrolet,Colorado,2.7L Turbo Inline-4 Gasoline,2700 cc,310 hp,190 km/h,6.8 sec,"$30,695 ",Petrol,5,583 Nm,2700.0,Extra Large,310,Very High Power,30695.0,5,Media,99.01612903225806,6139.0,11.368518518518519,15347.5,Mainstream,99.01612903225806,11.368518518518519
Chevrolet,Silverado 1500,5.3L V8 Gasoline,5300 cc,355 hp,180 km/h,7.0 sec,"$42,795 ",Petrol,6,519 Nm,5300.0,Extra Large,355,Very High Power,42795.0,6,Media,120.54929577464789,7132.5,8.074528301886792,21397.5,Mainstream,120.54929577464789,8.074528301886792
Chevrolet,Silverado 2500HD,6.6L V8 Gasoline,6600 cc,401 hp,170 km/h,8.0 sec,"$41,500 ",Petrol,6,629 Nm,6600.0,Extra Large,401,Very High Power,41500.0,6,Media,103.49127182044887,6916.666666666667,6.287878787878788,20750.0,Mainstream,103.49127182044887,6.287878787878788
Chevrolet,Silverado 3500HD,6.6L V8 Diesel,6600 cc,445 hp,160 km/h,8.5 sec,"$45,500 ",Diesel,6,1234 Nm,6600.0,Extra Large,445,Very High Power,45500.0,6,Media,102.24719101123596,7583.333333333333,6.893939393939394,22750.0,Mainstream,102.24719101123596,6.893939393939394
Chevrolet,Bolt EV,Single Electric Motor,66 kWh,200 hp,150 km/h,6.5 sec,"$27,495 ",Electric,5,360 Nm,66.0,Small,200,High Power,27495.0,5,Alta,137.475,5499.0,416.59090909090907,9165.0,Mainstream,137.475,416.59090909090907
Chevrolet,Bolt EUV,Single Electric Motor,66 kWh,200 hp,150 km/h,7.0 sec,"$28,795 ",Electric,5,360 Nm,66.0,Small,200,High Power,28795.0,5,Alta,143.975,5759.0,436.2878787878788,9598.333333333334,Mainstream,143.975,436.2878787878788
Chevrolet,Trailblazer,1.3L Turbo Inline-3 Gasoline,1300 cc,155 hp,200 km/h,9.4 sec,"$23,100 ",Petrol,5,236 Nm,1300.0,Medium,155,Medium Power,23100.0,5,Media,149.03225806451613,4620.0,17.76923076923077,11550.0,Mainstream,149.03225806451613,17.76923076923077
Chevrolet,Malibu Premier,2.0L Turbo Inline-4 Gasoline,2000 cc,250 hp,240 km/h,5.8 sec,"$33,500 ",Petrol,5,353 Nm,2000.0,Large,250,High Power,33500.0,5,Media,134.0,6700.0,16.75,16750.0,Mainstream,134.0,16.75
Chevrolet,Camaro ZL1,6.2L Supercharged V8 Gasoline,6200 cc,650 hp,318 km/h,3.5 sec,"$67,300 ",Petrol,4,881 Nm,6200.0,Extra Large,650,Very High Power,67300.0,4,Media,103.53846153846153,16825.0,10.85483870967742,33650.0,Mainstream,103.53846153846153,10.85483870967742
Chevrolet,Corvette Stingray,6.2L V8 Gasoline,6200 cc,495 hp,312 km/h,3.0 sec,"$65,895 ",Petrol,2,637 Nm,6200.0,Extra Large,495,Very High Power,65895.0,2,Media,133.12121212121212,32947.5,10.628225806451614,32947.5,Mainstream,133.12121212121212,10.628225806451614
Chevrolet,Silverado 1500 High Country,5.3L V8 Gasoline,5300 cc,355 hp,180 km/h,7.0 sec,"$61,595 ",Petrol,6,519 Nm,5300.0,Extra Large,355,Very High Power,61595.0,6,Media,173.50704225352112,10265.833333333334,11.621698113207547,30797.5,Mainstream,173.50704225352112,11.621698113207547
Chevrolet,Silverado 1500 Trail Boss,5.3L V8 Gasoline,5300 cc,355 hp,180 km/h,7.0 sec,"$55,895 ",Petrol,6,519 Nm,5300.0,Extra Large,355,Very High Power,55895.0,6,Media,157.45070422535213,9315.833333333334,10.54622641509434,27947.5,Mainstream,157.45070422535213,10.54622641509434
Chevrolet,Silverado 1500 RST,5.3L V8 Gasoline,5300 cc,355 hp,180 km/h,7.1 sec,"$50,895 ",Petrol,6,519 Nm,5300.0,Extra Large,355,Very High Power,50895.0,6,Media,143.3661971830986,8482.5,9.602830188679246,25447.5,Mainstream,143.3661971830986,9.602830188679246
Chevrolet,Colorado ZR2,2.8L Turbo Diesel I4,2800 cc,181 hp,160 km/h,9.1 sec,"$48,295 ",Diesel,5,500 Nm,2800.0,Extra Large,181,Medium Power,48295.0,5,Media,266.8232044198895,9659.0,17.248214285714287,24147.5,Mainstream,266.8232044198895,17.248214285714287
Chevrolet,Traverse Premier,3.6L V6 Gasoline,3600 cc,310 hp,210 km/h,7.0 sec,"$46,600 ",Petrol,7,360 Nm,3600.0,Extra Large,310,Very High Power,46600.0,7,Media,150.32258064516128,6657.142857142857,12.944444444444445,23300.0,Mainstream,150.32258064516128,12.944444444444445
Chevrolet,Equinox Premier,1.5L Turbo Inline-4 Gasoline,1500 cc,170 hp,200 km/h,8.8 sec,"$33,400 ",Petrol,5,275 Nm,1500.0,Medium,170,Medium Power,33400.0,5,Media,196.47058823529412,6680.0,22.266666666666666,16700.0,Mainstream,196.47058823529412,22.266666666666666
Chevrolet,Blazer RS,3.6L V6 Gasoline,3600 cc,308 hp,220 km/h,6.6 sec,"$48,900 ",Petrol,5,366 Nm,3600.0,Extra Large,308,Very High Power,48900.0,5,Media,158.76623376623377,9780.0,13.583333333333334,24450.0,Mainstream,158.76623376623377,13.583333333333334
Chevrolet,Bolt EV 2LT,Single Electric Motor,66 kWh,200 hp,150 km/h,6.7 sec,"$28,795 ",Electric,5,360 Nm,66.0,Small,200,High Power,28795.0,5,Alta,143.975,5759.0,436.2878787878788,9598.333333333334,Mainstream,143.975,436.2878787878788
Chevrolet,Camaro SS,6.2L V8 Gasoline,6200 cc,455 hp,290 km/h,4.3 sec,"$43,500 ",Petrol,4,617 Nm,6200.0,Extra Large,455,Very High Power,43500.0,4,Media,95.6043956043956,10875.0,7.016129032258065,21750.0,Mainstream,95.6043956043956,7.016129032258065
Chevrolet,Corvette Grand Sport,6.2L V8 Gasoline,6200 cc,460 hp,290 km/h,3.9 sec,"$65,900 ",Petrol,2,630 Nm,6200.0,Extra Large,460,Very High Power,65900.0,2,Media,143.2608695652174,32950.0,10.629032258064516,32950.0,Mainstream,143.2608695652174,10.629032258064516
Chevrolet,Traverse RS,3.6L V6 Gasoline,3600 cc,310 hp,210 km/h,7.0 sec,"$43,700 ",Petrol,7,360 Nm,3600.0,Extra Large,310,Very High Power,43700.0,7,Media,140.96774193548387,6242.857142857143,12.13888888888889,21850.0,Mainstream,140.96774193548387,12.13888888888889
Chevrolet,Blazer Premier,3.6L V6 Gasoline,3600 cc,308 hp,220 km/h,6.6 sec,"$45,000 ",Petrol,5,366 Nm,3600.0,Extra Large,308,Very High Power,45000.0,5,Media,146.1038961038961,9000.0,12.5,22500.0,Mainstream,146.1038961038961,12.5
Chevrolet,Malibu LT,1.5L Turbo Inline-4 Gasoline,1500 cc,160 hp,210 km/h,8.5 sec,"$25,800 ",Petrol,5,250 Nm,1500.0,Medium,160,Medium Power,25800.0,5,Media,161.25,5160.0,17.2,12900.0,Mainstream,161.25,17.2
Chevrolet,Spark Activ,1.4L Inline-4 Gasoline,1400 cc,98 hp,180 km/h,11.0 sec,"$17,595 ",Petrol,5,127 Nm,1400.0,Medium,98,Low Power,17595.0,5,Media,179.5408163265306,3519.0,12.567857142857143,8797.5,Mainstream,179.5408163265306,12.567857142857143
Chevrolet,Trax LT,1.2L Turbo Inline-3 Gasoline,1200 cc,137 hp,200 km/h,9.2 sec,"$24,100 ",Petrol,5,220 Nm,1200.0,Medium,137,Medium Power,24100.0,5,Media,175.91240875912408,4820.0,20.083333333333332,12050.0,Mainstream,175.91240875912408,20.083333333333332
Chevrolet,Equinox LT,1.5L Turbo Inline-4 Gasoline,1500 cc,170 hp,200 km/h,8.9 sec,"$28,400 ",Petrol,5,275 Nm,1500.0,Medium,170,Medium Power,28400.0,5,Media,167.05882352941177,5680.0,18.933333333333334,14200.0,Mainstream,167.05882352941177,18.933333333333334
Chevrolet,Silverado 3500HD High Country,6.6L V8 Diesel,6600 cc,445 hp,160 km/h,8.5 sec,"$75,700 ",Diesel,6,1234 Nm,6600.0,Extra Large,445,Very High Power,75700.0,6,Media,170.1123595505618,12616.666666666666,11.469696969696969,37850.0,Mainstream,170.1123595505618,11.469696969696969
Chevrolet,Colorado WT,2.7L Turbo Inline-4 Gasoline,2700 cc,310 hp,190 km/h,6.9 sec,"$29,200 ",Petrol,5,583 Nm,2700.0,Extra Large,310,Very High Power,29200.0,5,Media,94.19354838709677,5840.0,10.814814814814815,14600.0,Mainstream,94.19354838709677,10.814814814814815
Chevrolet,Suburban High Country,6.2L V8 Gasoline,6200 cc,420 hp,200 km/h,7.0 sec,"$82,400 ",Petrol,8,624 Nm,6200.0,Extra Large,420,Very High Power,82400.0,8,Media,196.1904761904762,10300.0,13.290322580645162,41200.0,Mainstream,196.1904761904762,13.290322580645162
Chevrolet,Silverado Custom,4.3L V6 Gasoline,4300 cc,285 hp,180 km/h,8.5 sec,"$33,900 ",Petrol,6,413 Nm,4300.0,Extra Large,285,High Power,33900.0,6,Media,118.94736842105263,5650.0,7.883720930232558,16950.0,Mainstream,118.94736842105263,7.883720930232558
Chevrolet,Spark LS,1.4L Inline-4 Gasoline,1400 cc,98 hp,180 km/h,10.9 sec,"$14,395 ",Petrol,5,127 Nm,1400.0,Medium,98,Low Power,14395.0,5,Media,146.8877551020408,2879.0,10.282142857142857,7197.5,Mainstream,146.8877551020408,10.282142857142857
Chevrolet,Traverse LT,3.6L V6 Gasoline,3600 cc,310 hp,210 km/h,7.1 sec,"$37,200 ",Petrol,7,360 Nm,3600.0,Extra Large,310,Very High Power,37200.0,7,Media,120.0,5314.285714285715,10.333333333333334,18600.0,Mainstream,120.0,10.333333333333334
Chevrolet,Blazer LT,2.5L Inline-4 Gasoline,2500 cc,193 hp,200 km/h,9.0 sec,"$36,100 ",Petrol,5,255 Nm,2500.0,Extra Large,193,Medium Power,36100.0,5,Media,187.04663212435233,7220.0,14.44,18050.0,Mainstream,187.04663212435233,14.44
Chevrolet,Malibu Premier,2.0L Turbo Inline-4 Gasoline,2000 cc,250 hp,240 km/h,5.8 sec,"$34,500 ",Petrol,5,353 Nm,2000.0,Large,250,High Power,34500.0,5,Media,138.0,6900.0,17.25,17250.0,Mainstream,138.0,17.25
Chevrolet,Equinox RS,1.5L Turbo Inline-4 Gasoline,1500 cc,170 hp,200 km/h,8.8 sec,"$31,900 ",Petrol,5,275 Nm,1500.0,Medium,170,Medium Power,31900.0,5,Media,187.64705882352942,6380.0,21.266666666666666,15950.0,Mainstream,187.64705882352942,21.266666666666666
Chevrolet,Silverado 1500 Custom,4.3L V6 Gasoline,4300 cc,285 hp,180 km/h,8.6 sec,"$34,900 ",Petrol,6,413 Nm,4300.0,Extra Large,285,High Power,34900.0,6,Media,122.45614035087719,5816.666666666667,8.116279069767442,17450.0,Mainstream,122.45614035087719,8.116279069767442
Chevrolet,Silverado 2500HD LTZ,6.6L V8 Diesel,6600 cc,445 hp,160 km/h,8.4 sec,"$56,400 ",Diesel,6,1234 Nm,6600.0,Extra Large,445,Very High Power,56400.0,6,Media,126.74157303370787,9400.0,8.545454545454545,28200.0,Mainstream,126.74157303370787,8.545454545454545
Chevrolet,Tahoe RST,5.3L V8 Gasoline,5300 cc,355 hp,180 km/h,7.4 sec,"$64,100 ",Petrol,7,519 Nm,5300.0,Extra Large,355,Very High Power,64100.0,7,Media,180.56338028169014,9157.142857142857,12.09433962264151,32050.0,Mainstream,180.56338028169014,12.09433962264151
Chevrolet,Suburban LT,5.3L V8 Gasoline,5300 cc,355 hp,180 km/h,5.1 sec,"$64,400 ",Petrol,8,519 Nm,5300.0,Extra Large,355,Very High Power,64400.0,8,Media,181.40845070422534,8050.0,12.150943396226415,32200.0,Mainstream,181.40845070422534,12.150943396226415
Chevrolet,Bolt EV Premier,Single Electric Motor,66 kWh,200 hp,150 km/h,6.5 sec,"$31,700 ",Electric,5,360 Nm,66.0,Small,200,High Power,31700.0,5,Alta,158.5,6340.0,480.3030303030303,10566.666666666666,Mainstream,158.5,480.3030303030303
Chevrolet,Tahoe LS,5.3L V8 Gasoline,5300 cc,355 hp,180 km/h,7.5 sec,"$56,995 ",Petrol,8,519 Nm,5300.0,Extra Large,355,Very High Power,56995.0,8,Media,160.54929577464787,7124.375,10.75377358490566,28497.5,Mainstream,160.54929577464787,10.75377358490566
Chevrolet,Tahoe LT,5.3L V8 Gasoline,5300 cc,355 hp,180 km/h,7.4 sec,"$62,495 ",Petrol,8,519 Nm,5300.0,Extra Large,355,Very High Power,62495.0,8,Media,176.04225352112675,7811.875,11.791509433962265,31247.5,Mainstream,176.04225352112675,11.791509433962265
Chevrolet,Tahoe RST,5.3L V8 Gasoline,5300 cc,355 hp,180 km/h,7.4 sec,"$64,100 ",Petrol,7,519 Nm,5300.0,Extra Large,355,Very High Power,64100.0,7,Media,180.56338028169014,9157.142857142857,12.09433962264151,32050.0,Mainstream,180.56338028169014,12.09433962264151
Chevrolet,Tahoe Z71,5.3L V8 Gasoline,5300 cc,355 hp,180 km/h,7.6 sec,"$66,700 ",Petrol,7,519 Nm,5300.0,Extra Large,355,Very High Power,66700.0,7,Media,187.88732394366198,9528.57142857143,12.584905660377359,33350.0,Mainstream,187.88732394366198,12.584905660377359
Chevrolet,Tahoe Premier,6.2L V8 Gasoline,6200 cc,420 hp,200 km/h,6.8 sec,"$71,600 ",Petrol,7,624 Nm,6200.0,Extra Large,420,Very High Power,71600.0,7,Media,170.47619047619048,10228.57142857143,11.548387096774194,35800.0,Mainstream,170.47619047619048,11.548387096774194
Chevrolet,Tahoe High Country,6.2L V8 Gasoline,6200 cc,420 hp,200 km/h,6.7 sec,"$76,700 ",Petrol,7,624 Nm,6200.0,Extra Large,420,Very High Power,76700.0,7,Media,182.61904761904762,10957.142857142857,12.370967741935484,38350.0,Mainstream,182.61904761904762,12.370967741935484
Chevrolet,Tahoe Midnight Edition,5.3L V8 Gasoline,5300 cc,355 hp,180 km/h,7.5 sec,"$65,500 ",Petrol,8,519 Nm,5300.0,Extra Large,355,Very High Power,65500.0,8,Media,184.50704225352112,8187.5,12.358490566037736,32750.0,Mainstream,184.50704225352112,12.358490566037736
Chevrolet,Tahoe Sport Edition,6.2L V8 Gasoline,6200 cc,420 hp,200 km/h,6.8 sec,"$70,000 ",Petrol,7,624 Nm,6200.0,Extra Large,420,Very High Power,70000.0,7,Media,166.66666666666666,10000.0,11.290322580645162,35000.0,Mainstream,166.66666666666666,11.290322580645162
Volvo,Volvo FH,13.0L I6 Turbo Diesel,13000 cc,540 hp,120 km/h,15.0 sec,"$120,000 ",Diesel,2,2600 Nm,13000.0,Extra Large,540,Very High Power,120000.0,2,Baja,222.22222222222223,60000.0,9.23076923076923,120000.0,Premium,111.11111111111111,4.615384615384615
Volvo,Volvo FH16,16.1L I6 Turbo Diesel,16100 cc,750 hp,120 km/h,14.5 sec,"$160,000 ",Diesel,2,3500 Nm,16100.0,Extra Large,750,Very High Power,160000.0,2,Baja,213.33333333333334,80000.0,9.937888198757763,160000.0,Premium,106.66666666666667,4.968944099378882
Volvo,Volvo FM,12.8L I6 Turbo Diesel,12800 cc,460 hp,110 km/h,16.0 sec,"$100,000 ",Diesel,2,2200 Nm,12800.0,Extra Large,460,Very High Power,100000.0,2,Baja,217.3913043478261,50000.0,7.8125,100000.0,Premium,108.69565217391305,3.90625
Volvo,Volvo FMX,13.0L I6 Turbo Diesel,13000 cc,500 hp,110 km/h,16.5 sec,"$110,000 ",Diesel,2,2500 Nm,13000.0,Extra Large,500,Very High Power,110000.0,2,Baja,220.0,55000.0,8.461538461538462,110000.0,Premium,110.0,4.230769230769231
Volvo,Volvo VNL,12.8L I6 Turbo Diesel,12800 cc,500 hp,120 km/h,15.0 sec,"$125,000 ",Diesel,2,2400 Nm,12800.0,Extra Large,500,Very High Power,125000.0,2,Baja,250.0,62500.0,9.765625,125000.0,Premium,125.0,4.8828125
Volvo,Volvo VNR,12.8L I6 Turbo Diesel,12800 cc,400 hp,110 km/h,17.0 sec,"$95,000 ",Diesel,2,1800 Nm,12800.0,Extra Large,400,Very High Power,95000.0,2,Baja,237.5,47500.0,7.421875,95000.0,Premium,118.75,3.7109375
Volvo,Volvo VHD,12.8L I6 Turbo Diesel,12800 cc,500 hp,100 km/h,18.0 sec,"$120,000 ",Diesel,2,2500 Nm,12800.0,Extra Large,500,Very High Power,120000.0,2,Baja,240.0,60000.0,9.375,120000.0,Premium,120.0,4.6875
Volvo,Volvo FE,7.7L I6 Turbo Diesel,7700 cc,280 hp,90 km/h,20.0 sec,"$85,000 ",Diesel,2,1200 Nm,7700.0,Extra Large,280,High Power,85000.0,2,Baja,303.57142857142856,42500.0,11.03896103896104,85000.0,Premium,151.78571428571428,5.51948051948052
Volvo,Volvo FL,5.1L I4 Turbo Diesel,5100 cc,180 hp,80 km/h,22.0 sec,"$75,000 ",Diesel,2,800 Nm,5100.0,Extra Large,180,Medium Power,75000.0,2,Baja,416.6666666666667,37500.0,14.705882352941176,75000.0,Premium,208.33333333333334,7.352941176470588
Ford,Fusion (Mondeo),1.5L EcoBoost / 2.0L Hybrid,"1,500 - 2,000 cc",160 - 250 hp,220 km/h,7.5 sec,"$25,000 - $40,000",Petrol/Hybrid,5,200 - 400 Nm,2000.0,Large,205,High Power,25000.0,5,Media,121.95121951219512,5000.0,12.5,12500.0,Mainstream,121.95121951219512,12.5
Ford,Taurus,3.5L V6 / 2.0L EcoBoost,"2,000 - 3,500 cc",200 - 365 hp,220 km/h,6.5 sec,"$30,000 - $45,000",Petrol,5,300 - 500 Nm,3500.0,Extra Large,282,High Power,30000.0,5,Media,106.38297872340425,6000.0,8.571428571428571,15000.0,Mainstream,106.38297872340425,8.571428571428571
Ford,Fiesta,1.0L EcoBoost / 1.5L,"1,000 - 1,500 cc",85 - 200 hp,200 km/h,7.0 sec,"$15,000 - $25,000",Petrol,5,130 - 290 Nm,1500.0,Medium,142,Medium Power,15000.0,5,Media,105.63380281690141,3000.0,10.0,7500.0,Mainstream,105.63380281690141,10.0
Ford,Focus,1.0L EcoBoost / 1.5L / 2.0L,"1,000 - 2,000 cc",120 - 300 hp,220 km/h,6.5 sec,"$20,000 - $30,000",Petrol,5,150 - 400 Nm,2000.0,Large,210,High Power,20000.0,5,Media,95.23809523809524,4000.0,10.0,10000.0,Mainstream,95.23809523809524,10.0
Ford,KA+,1.2L Petrol,"1,200 cc",70 - 85 hp,165 km/h,10.5 sec,"$12,000 - $15,000",Petrol,5,100 - 140 Nm,1200.0,Medium,77,Low Power,12000.0,5,Media,155.84415584415584,2400.0,10.0,6000.0,Mainstream,155.84415584415584,10.0
Ford,EcoSport,1.0L Turbo Inline-3 / 2.0L,"1,000 - 2,000 cc",123 - 166 hp,180 km/h,9.0 sec,"$20,000 - $25,000",Petrol,5,170 - 200 Nm,2000.0,Large,144,Medium Power,20000.0,5,Media,138.88888888888889,4000.0,10.0,10000.0,Mainstream,138.88888888888889,10.0
Ford,Escape (Kuga),1.5L EcoBoost / 2.5L Hybrid,"1,500 - 2,500 cc",181 - 200 hp,190 km/h,7.5 sec,"$25,000 - $38,000",Petrol/Hybrid,5,230 - 200 Nm,2500.0,Extra Large,190,Medium Power,25000.0,5,Media,131.57894736842104,5000.0,10.0,12500.0,Mainstream,131.57894736842104,10.0
Ford,Edge,2.0L EcoBoost / 2.7L V6,"2,000 - 2,700 cc",250 - 335 hp,200 km/h,6.5 sec,"$35,000 - $45,000",Petrol,5,400 - 475 Nm,2700.0,Extra Large,292,High Power,35000.0,5,Media,119.86301369863014,7000.0,12.962962962962964,17500.0,Mainstream,119.86301369863014,12.962962962962964
Ford,Explorer,2.3L EcoBoost / 3.0L V6,"2,300 - 3,000 cc",300 - 400 hp,200 km/h,6.0 sec,"$35,000 - $55,000",Petrol,7,420 - 500 Nm,3000.0,Extra Large,350,Very High Power,35000.0,7,Media,100.0,5000.0,11.666666666666666,17500.0,Mainstream,100.0,11.666666666666666
Ford,Expedition,3.5L EcoBoost / 5.4L V8,"3,500 - 5,400 cc",375 - 400 hp,180 km/h,6.5 sec,"$50,000 - $75,000",Petrol,8,650 - 800 Nm,5400.0,Extra Large,387,Very High Power,50000.0,8,Media,129.19896640826875,6250.0,9.25925925925926,25000.0,Mainstream,129.19896640826875,9.25925925925926
Ford,Bronco,2.3L EcoBoost / 2.7L V6,"2,300 - 2,700 cc",275 - 310 hp,200 km/h,7.5 sec,"$30,000 - $55,000",Petrol,4,400 - 600 Nm,2700.0,Extra Large,292,High Power,30000.0,4,Media,102.73972602739725,7500.0,11.11111111111111,15000.0,Mainstream,102.73972602739725,11.11111111111111
Ford,Bronco Sport,1.5L EcoBoost / 2.0L EcoBoost,"1,500 - 2,000 cc",181 - 250 hp,185 km/h,7.0 sec,"$26,000 - $38,000",Petrol,5,250 - 375 Nm,2000.0,Large,215,High Power,26000.0,5,Media,120.93023255813954,5200.0,13.0,13000.0,Mainstream,120.93023255813954,13.0
Ford,F-150,3.3L V6 / 5.0L V8 / 3.5L EcoBoost,"3,300 - 5,000 cc",290 - 450 hp,200 km/h,5.0 - 6.5 sec,"$35,000 - $75,000",Petrol/Diesel,5,400 - 700 Nm,5000.0,Extra Large,370,Very High Power,35000.0,5,Media,94.5945945945946,7000.0,7.0,17500.0,Mainstream,94.5945945945946,7.0
Ford,F-250 Super Duty,6.2L V8 / 7.3L V8 / 6.7L Turbo-Diesel,"6,200 - 7,300 cc",385 - 475 hp,180 km/h,6.5 - 7.0 sec,"$40,000 - $70,000",Petrol/Diesel,5,"700 - 1,050 Nm",7300.0,Extra Large,430,Very High Power,40000.0,5,Media,93.02325581395348,8000.0,5.47945205479452,20000.0,Mainstream,93.02325581395348,5.47945205479452
Ford,F-350 Super Duty,6.7L Turbo-Diesel / 7.3L V8,"6,700 - 7,300 cc",450 - 475 hp,180 km/h,7.0 - 8.0 sec,"$45,000 - $75,000",Diesel,5,"1,050 - 1,200 Nm",7300.0,Extra Large,462,Very High Power,45000.0,5,Media,97.40259740259741,9000.0,6.164383561643835,22500.0,Mainstream,97.40259740259741,6.164383561643835
Ford,Maverick,2.5L Hybrid / 2.0L EcoBoost,"2,500 - 2,000 cc",191 - 250 hp,180 km/h,6.5 - 8.0 sec,"$22,000 - $30,000",Hybrid/Petrol,5,250 - 380 Nm,2000.0,Large,220,High Power,22000.0,5,Media,100.0,4400.0,11.0,11000.0,Mainstream,100.0,11.0
Ford,Ranger,2.3L Turbo Inline-4 / 2.7L V6,"2,300 - 2,700 cc",270 - 325 hp,180 km/h,6.0 - 7.0 sec,"$25,000 - $45,000",Petrol/Diesel,5,400 - 540 Nm,2700.0,Extra Large,297,High Power,25000.0,5,Media,84.17508417508418,5000.0,9.25925925925926,12500.0,Mainstream,84.17508417508418,9.25925925925926
Ford,Mustang Mach-E,Electric Motor,Battery (68-98 kWh),290-480 hp,180 km/h,3.5 sec (GT Model),"$43,000 - $61,000",Electric,5,430 Nm (GT Model),98.0,Small,385,Very High Power,43000.0,5,Alta,111.68831168831169,8600.0,438.7755102040816,14333.333333333334,Mainstream,111.68831168831169,438.7755102040816
Ford,F-150 Lightning,Electric Motor,Battery (98 kWh),452 hp,180 km/h,4.5 sec,"$40,000 - $90,000",Electric,5,1051 Nm,98.0,Small,452,Very High Power,40000.0,5,Alta,88.49557522123894,8000.0,408.16326530612247,13333.333333333334,Mainstream,88.49557522123894,408.16326530612247
Ford,Escape Hybrid,2.5L Inline-4 + Electric,"2,500 cc",200 hp,180 km/h,7.7 sec,"$28,000 - $38,000",Hybrid,5,210 Nm (Electric),2500.0,Extra Large,200,High Power,28000.0,5,Media,140.0,5600.0,11.2,14000.0,Mainstream,140.0,11.2
Ford,Explorer Hybrid,3.3L V6 + Electric,"3,300 cc",318 hp,180 km/h,7.5 sec,"$50,000 - $55,000",Hybrid,7,500 Nm,3300.0,Extra Large,318,Very High Power,50000.0,7,Media,157.23270440251574,7142.857142857143,15.151515151515152,25000.0,Mainstream,157.23270440251574,15.151515151515152
Ford,Mustang,5.0L V8,"5,000 cc",450 hp,250 km/h,4.3 sec,"$55,000 ",Petrol,4,530 Nm,5000.0,Extra Large,450,Very High Power,55000.0,4,Media,122.22222222222223,13750.0,11.0,27500.0,Mainstream,122.22222222222223,11.0
Ford,GT,3.5L Twin-Turbo V6,"3,500 cc",660 hp,348 km/h,3.0 sec,"$500,000 ",Petrol,2,746 Nm,3500.0,Extra Large,660,Very High Power,500000.0,2,Alta,757.5757575757576,250000.0,142.85714285714286,166666.66666666666,Mainstream,757.5757575757576,142.85714285714286
Ford,Focus ST,2.3L Turbo Inline-4,"2,300 cc",280 hp,250 km/h,5.7 sec,"$30,000 ",Petrol,5,420 Nm,2300.0,Large,280,High Power,30000.0,5,Media,107.14285714285714,6000.0,13.043478260869565,15000.0,Mainstream,107.14285714285714,13.043478260869565
Ford,Fiesta ST,1.5L Turbo Inline-3,"1,500 cc",200 hp,230 km/h,6.5 sec,"$23,000 ",Petrol,5,290 Nm,1500.0,Medium,200,High Power,23000.0,5,Media,115.0,4600.0,15.333333333333334,11500.0,Mainstream,115.0,15.333333333333334
Ford,Bronco Raptor,3.0L Twin-Turbo V6,"3,000 cc",400 hp,220 km/h,5.5 sec,"$70,000 ",Petrol,4,583 Nm,3000.0,Extra Large,400,Very High Power,70000.0,4,Media,175.0,17500.0,23.333333333333332,35000.0,Mainstream,175.0,23.333333333333332
Ford,Ranger Raptor,2.7L Twin-Turbo V6,"2,700 cc",392 hp,200 km/h,6.0 sec,"$45,000 ",Petrol,5,583 Nm,2700.0,Extra Large,392,Very High Power,45000.0,5,Media,114.79591836734694,9000.0,16.666666666666668,22500.0,Mainstream,114.79591836734694,16.666666666666668
Ford,F-150 Raptor,3.5L Twin-Turbo V6,"3,500 cc",450 hp,200 km/h,5.0 sec,"$70,000 ",Petrol,5,691 Nm,3500.0,Extra Large,450,Very High Power,70000.0,5,Media,155.55555555555554,14000.0,20.0,35000.0,Mainstream,155.55555555555554,20.0
Ford,Puma,Turbocharged Inline-3,"1,000 cc",123 hp,191 km/h,9.6 sec,"$28,000 ",Petrol,5,200 Nm,1000.0,Medium,123,Medium Power,28000.0,5,Media,227.64227642276424,5600.0,28.0,14000.0,Mainstream,227.64227642276424,28.0
Ford,Territory,Turbocharged Inline-4,"1,500 cc",140 hp,180 km/h,11.0 sec,"$32,000 ",Petrol,5,225 Nm,1500.0,Medium,140,Medium Power,32000.0,5,Media,228.57142857142858,6400.0,21.333333333333332,16000.0,Mainstream,228.57142857142858,21.333333333333332
Ford,Everest,Turbocharged Inline-4,"2,000 cc",210 hp,190 km/h,10.5 sec,"$52,000 ",Diesel,7,500 Nm,2000.0,Large,210,High Power,52000.0,7,Media,247.61904761904762,7428.571428571428,26.0,26000.0,Mainstream,247.61904761904762,26.0
Ford,Flex,Naturally Aspirated V6,"3,500 cc",287 hp,200 km/h,7.9 sec,"$31,000 ",Petrol,7,345 Nm,3500.0,Extra Large,287,High Power,31000.0,7,Media,108.01393728222996,4428.571428571428,8.857142857142858,15500.0,Mainstream,108.01393728222996,8.857142857142858
Ford,Transit,EcoBlue Turbo Diesel,"2,000 cc",170 hp,160 km/h,12.0 sec,"$43,455 ",Diesel,215,405 Nm,2000.0,Large,170,Medium Power,43455.0,2,Media,255.61764705882354,21727.5,21.7275,21727.5,Mainstream,255.61764705882354,21.7275
Ford,Transit Connect,Inline-4 Gasoline Engine,"2,000 cc",162 hp,175 km/h,10.5 sec,"$29,365 ",Petrol,27,200 Nm,2000.0,Large,162,Medium Power,29365.0,2,Media,181.26543209876544,14682.5,14.6825,14682.5,Mainstream,181.26543209876544,14.6825
Ford,F-450 Super Duty,Turbocharged V8 Diesel,"6,700 cc",475 hp,165 km/h,8.5 sec,"$61,625 ",Diesel,26,"1,424 Nm",6700.0,Extra Large,475,Very High Power,61625.0,2,Media,129.73684210526315,30812.5,9.197761194029852,30812.5,Mainstream,129.73684210526315,9.197761194029852
Ford,F-550 Super Duty,Turbocharged V8 Diesel,"6,700 cc",475 hp,165 km/h,8.8 sec,"$64,540 ",Diesel,26,"1,424 Nm",6700.0,Extra Large,475,Very High Power,64540.0,2,Media,135.8736842105263,32270.0,9.632835820895522,32270.0,Mainstream,135.8736842105263,9.632835820895522
Ford,Mustang Shelby GT500,Supercharged V8,"5,200 cc",760 hp,290 km/h,3.5 sec,"$79,420 ",Petrol,2,847 Nm,5200.0,Extra Large,760,Very High Power,79420.0,2,Media,104.5,39710.0,15.273076923076923,39710.0,Mainstream,104.5,15.273076923076923
Ford,Mustang Shelby GT350,Naturally Aspirated V8,"5,200 cc",526 hp,280 km/h,4.0 sec,"$59,140 ",Petrol,2,582 Nm,5200.0,Extra Large,526,Very High Power,59140.0,2,Media,112.43346007604563,29570.0,11.373076923076923,29570.0,Mainstream,112.43346007604563,11.373076923076923
Ford,F-150 Platinum,Turbocharged V6,"3,500 cc",400 hp,180 km/h,6.5 sec,"$64,695 ",Petrol,5,678 Nm,3500.0,Extra Large,400,Very High Power,64695.0,5,Media,161.7375,12939.0,18.484285714285715,32347.5,Mainstream,161.7375,18.484285714285715
Ford,F-150 Limited,Turbocharged V6,"3,500 cc",450 hp,190 km/h,6.1 sec,"$84,910 ",Petrol,5,678 Nm,3500.0,Extra Large,450,Very High Power,84910.0,5,Media,188.6888888888889,16982.0,24.26,42455.0,Mainstream,188.6888888888889,24.26
Ford,Explorer Platinum,Turbocharged V6,"3,000 cc",400 hp,230 km/h,6.0 sec,"$56,505 ",Petrol,7,563 Nm,3000.0,Extra Large,400,Very High Power,56505.0,7,Media,141.2625,8072.142857142857,18.835,28252.5,Mainstream,141.2625,18.835
Ford,Expedition King Ranch,Turbocharged V6,"3,500 cc",440 hp,210 km/h,6.8 sec,"$79,560 ",Petrol,78,691 Nm,3500.0,Extra Large,440,Very High Power,79560.0,7,Media,180.8181818181818,11365.714285714286,22.731428571428573,39780.0,Mainstream,180.8181818181818,22.731428571428573
Ford,Transit Custom,EcoBlue Turbo Diesel,"2,000 cc",130 hp,160 km/h,12.5 sec,"$35,000 ",Diesel,29,385 Nm,2000.0,Large,130,Medium Power,35000.0,2,Media,269.2307692307692,17500.0,17.5,17500.0,Mainstream,269.2307692307692,17.5
Ford,E-Series Cutaway,V8 Gasoline Engine,"7,300 cc",350 hp,140 km/h,13.0 sec,"$36,000 ",Petrol,2,569 Nm,7300.0,Extra Large,350,Very High Power,36000.0,2,Baja,102.85714285714286,18000.0,4.931506849315069,36000.0,Mainstream,102.85714285714286,4.931506849315069
Ford,Transit Chassis Cab,EcoBlue Turbo Diesel,"2,000 cc",170 hp,160 km/h,11.5 sec,"$37,000 ",Diesel,2,405 Nm,2000.0,Large,170,Medium Power,37000.0,2,Media,217.64705882352942,18500.0,18.5,18500.0,Mainstream,217.64705882352942,18.5
Ford,Transit Electric (E-Transit),Electric Motor,89 kWh (Electric),266 hp,140 km/h,9.0 sec,"$52,000 ",Electric,212,430 Nm,89.0,Small,266,High Power,52000.0,2,Alta,195.48872180451127,26000.0,584.2696629213483,17333.333333333332,Mainstream,195.48872180451127,584.2696629213483
Ford,Explorer Plug-in Hybrid,V6 Hybrid + Electric Motor,"3,000 cc (petrol) + Electric Motor",457 hp,225 km/h,6.0 sec,"$53,000 ",Hybrid,7,825 Nm,3000.0,Extra Large,457,Very High Power,53000.0,7,Alta,115.97374179431073,7571.428571428572,17.666666666666668,17666.666666666668,Mainstream,115.97374179431073,17.666666666666668
Ford,Maverick Hybrid,I4 Hybrid,"2,500 cc (petrol) + Electric Motor",191 hp,180 km/h,7.8 sec,"$25,000 ",Hybrid,5,210 Nm,2500.0,Extra Large,191,Medium Power,25000.0,5,Media,130.89005235602093,5000.0,10.0,12500.0,Mainstream,130.89005235602093,10.0
Ford,Mustang (2024),V8 Gasoline Engine,"5,000 cc",450 hp,250 km/h,4.5 sec,"$60,000 ",Petrol,4,570 Nm,5000.0,Extra Large,450,Very High Power,60000.0,4,Media,133.33333333333334,15000.0,12.0,30000.0,Mainstream,133.33333333333334,12.0
Ford,Ranger (2024),I4 Turbo Diesel,"2,000 cc",210 hp,180 km/h,8.0 sec,"$40,000 ",Diesel,5,500 Nm,2000.0,Large,210,High Power,40000.0,5,Media,190.47619047619048,8000.0,20.0,20000.0,Mainstream,190.47619047619048,20.0
Ford,Escape Plug-in Hybrid (2024),I4 Hybrid,"2,500 cc (petrol) + Electric Motor",221 hp,190 km/h,7.5 sec,"$38,000 ",Hybrid,5,210 Nm,2500.0,Extra Large,221,High Power,38000.0,5,Media,171.94570135746605,7600.0,15.2,19000.0,Mainstream,171.94570135746605,15.2
Ford,Bronco (2024),V6 EcoBoost,"2,700 cc",310 hp,200 km/h,6.7 sec,"$45,000 ",Petrol,5,542 Nm,2700.0,Extra Large,310,Very High Power,45000.0,5,Media,145.16129032258064,9000.0,16.666666666666668,22500.0,Mainstream,145.16129032258064,16.666666666666668
Ford,Explorer (2024),V6 Turbocharged,"3,000 cc",400 hp,230 km/h,5.9 sec,"$55,000 ",Petrol,7,563 Nm,3000.0,Extra Large,400,Very High Power,55000.0,7,Media,137.5,7857.142857142857,18.333333333333332,27500.0,Mainstream,137.5,18.333333333333332
Toyota,Crown Signia,2.5L Hybrid I4,2487 cc,240 hp,180 km/h,7.6 sec,"$43,590  $48,000",Hybrid (Gas + Electric),5,239 Nm,2487.0,Large,240,High Power,43590.0,5,Media,181.625,8718.0,17.52714113389626,21795.0,Mainstream,181.625,17.52714113389626
Toyota,Corolla Cross,2.0L Gas / 2.0L Hybrid,1987 cc / Hybrid batt,169  196 hp,190 km/h,8.0  9.2 sec,"$25,210  $29,135",Gas / Hybrid,5,190  210 Nm,1987.0,Large,169,Medium Power,25210.0,5,Media,149.1715976331361,5042.0,12.68746854554605,12605.0,Mainstream,149.1715976331361,12.68746854554605
Toyota,C-HR+ ,1.8L / 2.0L Hybrid,1798 / 1987 cc + batt,140  198 hp,180 km/h,7.9  10.5 sec," 33,000",Hybrid,5,190  205 Nm,1987.0,Large,140,Medium Power,33000.0,5,Media,235.71428571428572,6600.0,16.60795168595873,16500.0,Mainstream,235.71428571428572,16.60795168595873
Toyota,RAV4 (6th Gen),2.5L Hybrid / Plug-in Hybrid,2487 cc + batt,219  302 hp,200 km/h,6.0  8.1 sec,"$29,000  $43,000",Hybrid / Plug-in,5,221  400 Nm,2487.0,Large,219,High Power,29000.0,5,Media,132.4200913242009,5800.0,11.660635303578609,14500.0,Mainstream,132.4200913242009,11.660635303578609
